疾病分類,疾病名稱,症狀,併發症,危險族群,科別,部位
癌症腫瘤,大腸直腸癌（大腸癌）,"血便,排便習慣改變,腹痛,體重減輕,貧血,腹瀉,便祕,黏液便,容易疲倦","腸阻塞,腸穿孔,癌細胞轉移","50歲以上者 (台灣大腸直腸癌最好發的年齡是65-75歲),家族大腸直腸癌病史者,愛吃肉者,有腸道發炎病史者,克隆氏症患者",血液腫瘤科、肝膽胃腸科、大腸直腸外科,大腸、直腸
癌症腫瘤,胃癌,"上腹部不適,胃痛,泛酸,噯氣,食慾減退,噁心,胃脘部灼熱,腹瀉,黑便,體重減輕","癌細胞轉移（肺臟、肝臟、腦部、骨骼、胰臟、大網膜、橫結腸、肝臟、橫膈、脾臟、食道、十二指腸）,惡性腹水,腸道阻塞","中年以後男性，50歲男性為好發族群，男女比例約為1.7：1。,家族病史有胃癌者。","血液腫瘤科,胃腸肝膽科",胃
癌症腫瘤,攝護腺癌,"排尿疼痛,排尿困難,頻尿,夜尿,血尿,性功能障礙,勃起困難,射精疼痛,漏尿,背痛,臀部痛,骨盆痛,尿流口徑減小,血精","癌細胞轉移（骨頭、骨髓、淋巴結、肺部、肝臟等）,下肢無力,大小便失禁,病理性骨折","50歲以上的男性。,有前列腺癌家族病史者。","血液腫瘤科,泌尿科",攝護腺
癌症腫瘤,肝癌,"肝區疼痛,乏力,黃疸,腹水,體重減輕,食慾減退,上腹悶脹,噁心嘔吐,腹瀉,咳嗽,咳血,發燒,胸痛,呼吸困難","癌細胞轉移（肺臟、肝臟、腎臟、腦部、骨骼、胰臟、脾臟、橫膈、胃、結腸、網膜、卵巢）,門靜脈高血壓,頑固性腹水","有慢性肝炎病史者。,肝硬化之患者。,酒精性肝硬化，約佔肝癌15％。,少數因遺傳疾病色素性肝硬化或自體免疫性肝炎而引起。","血液腫瘤科,胃腸肝膽科",肝
癌症腫瘤,食道癌,"吞嚥困難,吞嚥時有疼痛感,噁心,嘔吐,嘔血,胃食道逆流,咳嗽,發燒","癌細胞轉移（肝臟、肺臟、橫膈膜、腦部、骨頭等）,黃疸,腹水,呼吸困難,胸腔積水,吸入性肺炎,敗血症","50~60歲男性。,抽菸、喝酒、嚼檳榔族群。,頭頸癌患者。,胃酸液逆流者。,肥胖者等等。","血液腫瘤科,呼吸胸腔科",食道
癌症腫瘤,肺癌,"咳嗽,咳血,厭食,呼吸困難,肋膜積水,聲音嘶啞,吞嚥困難,上腔靜脈症候群,手臂疼痛,手臂無力,頭痛,嘔吐,視覺障礙,骨頭疼痛,體重減輕",癌細胞轉移（肺門、縱隔腔的淋巴結、胸腔附近的組織，腦部、腎上腺、肝臟、骨骼及腎臟）,"吸菸者及吸入二手菸者。,家族病史有肺癌者。","血液腫瘤科,呼吸胸腔科,胸腔外科",肺
癌症腫瘤,乳癌,"乳房腫塊,乳腺疼痛,乳頭出血,乳頭凹陷,乳房外型改變,乳房皮膚呈橘皮組織,乳房紅腫,乳房潰爛,腋下淋巴腺腫大,不正常乳頭分泌物",癌細胞轉移（肺臟、肝臟、骨骼等）,"40~50歲的婦女。,家族有乳癌病史的女性。,胸部曾接受放射治療者。,未曾生育或30歲以上才生第一胎者。,初經較早（11歲以下）或停經較晚（55歲以後）者。,曾患良性乳房腫瘤者。,未曾哺乳者。,長期使用賀爾蒙補充劑者。","血液腫瘤科,一般外科,整形外科",乳房
癌症腫瘤,子宮頸癌,"陰道出血,分泌物增多",癌細胞轉移（骨盆腔、腎臟、膀胱、直腸、肺臟、肝臟、骨骼、腦部等）,"40~50歲的婦女。,多重性伴侶者。,太年輕發生性經驗者。,性傳染病史者。,吸菸婦女，得子宮頸癌機率愈高。","血液腫瘤科,婦產科",子宮
癌症腫瘤,口腔癌,"口腔黏膜變白,口腔出現紅白斑或紅斑,口腔腫塊,口腔潰瘍久不癒合,口腔不明出血,頸部硬塊,舌頭知覺喪失,舌側緣出現周圍變硬的腫塊或潰瘍",癌細胞轉移或侵犯鄰近部位（肝臟、肺部、骨骼或顱底、口咽、下咽等）,"在25到44歲男性，為台灣十大癌症之口腔癌最常見者。,長期嚼食檳榔、吸菸及喝酒過量者。","牙科,耳鼻喉科,整型外科,口腔顎面外科,口腔病理及診斷科,腫瘤內科,放射腫瘤科",口腔
癌症腫瘤,卵巢癌,"便秘,腹瀉,腹部疼痛,腹部腫脹,噁心,脹氣,體重減輕,下肢水腫,外陰水腫,月經失調,陰道出血,頻尿,排尿困難,腰部疼痛","癌細胞轉移（子宮、輸卵管、結腸、小腸、肺臟、肝臟、骨頭等）,腹部積水","40歲至70歲的女性。,有卵巢癌或乳癌家族病史者。,不孕、無生育經驗的女性。","血液腫瘤科,婦產科",卵巢
癌症腫瘤,腦瘤,"頭痛,癲癇,抽搐,頭暈,噁心,嘔吐,視力模糊,肌肉協調感減退,平衡感變差,感覺異常,失語症,性格改變,神智不清,語言障礙,記憶力衰退","認知功能障礙,內分泌失調,腦水腫,神經功能減損,腦出血","3-12歲兒童,40-70歲成人,從事某些特定工作的人，例如頻繁接觸化學藥劑之從業人員、防腐劑處理人員、藥廠員工、加油站員工等,長期暴露於放射線環境中者",神經外科,腦部
癌症腫瘤,肺腺癌,"咳嗽,咳血,厭食,呼吸困難,肋膜積水,聲音嘶啞,吞嚥困難,上腔靜脈症候群,疼痛及無力感","頭痛,嘔吐,意識不清,骨頭疼痛,眼睛或皮膚變黃,頸部出現腫塊","有吸菸習慣者,長期接觸二手菸,長期接觸廚房油煙,帶有特定基因突變、有家族病史,本身就肺部疾病,工作環境中有化學物質汙染者，如金屬業、冶礦業等","血液腫瘤科,呼吸胸腔科,胸腔外科",肺
癌症腫瘤,甲狀腺癌,"頸部腫大,頸部硬塊,聲音沙啞,吞嚥困難,體重減輕,呼吸困難,胸部不適",癌細胞轉移（骨頭、肺臟、附近的氣管或食道等）,"20到40歲女性。,家族病史有甲狀腺癌者。","甲狀腺腫瘤,代謝內分泌科",甲狀腺
癌症腫瘤,皮膚癌,"皮膚不明腫塊,痣變大,痣變色,傷口久不癒合",癌細胞轉移（黑色素細胞癌可轉移到其他部位皮膚、皮下組織、淋巴結；最常轉移的器官是肺臟、肝臟、腦部、骨骼、腸道）。,"白色人種（美國白色人種比非裔深膚色人種得病率約10倍之多）。,患有慢性皮膚疾病之病患。,因工作需要必須長期接觸放射性物質、煤焦油、瀝青之工作者。,長期工作在陽光下的農民、漁民、野外工作者。,家族病史有皮膚癌者。","血液腫瘤科,皮膚科",皮膚
癌症腫瘤,淋巴癌,"淋巴腺腫大,貧血,發燒,出汗,體重減輕,皮膚瘙癢,疲倦,咳嗽",癌細胞轉移（淋巴結、淋巴區域、橫膈膜的上側或下側、骨頭、骨髓、皮膚、肝臟、脾臟及肺臟）,"免疫低下的患者，例如接受器官移植、愛滋病患者、自體免疫疾病病患等，皆是好發淋巴癌的高危險群。,暴露於有機溶劑、染料或輻射物質環境者，也較一般人容易得到淋巴癌。,乾燥症患者發病機率，較常人多7倍。",血液腫瘤科,淋巴系統
癌症腫瘤,癌因性疲憊症（癌疲憊）,"感到與近期活動程度不成比例的明顯疲累、缺少活力或需要增加休息,全身虛弱、沉重,難以集中精神、注意力,習慣做的事變顯得乏味,不少睡、睡不好、難早起、睡太多,睡醒依舊感覺疲累，精神未恢復,任何事都必須經過一番掙扎、勉強自己去做,因為疲累而感到悲傷、失意煩躁,因為疲累，做事容易放棄,記性變差,做了費力的事，會持續感到病懨懨、不舒服","焦慮和憂鬱：癌疲憊常常讓病患「失志」，結果是焦慮、憂鬱和失能同時存在，相互加重病人的情緒負擔；而治療的藥物，有可能會更增加疲憊感。,貧血：貧血會導致疲憊，而癌疲憊可能導致營養攝取不足，或因造血細胞受癌症/癌症治療影響，更惡化貧血情況，進一步加重癌疲憊感。,睡眠障礙：癌疲憊可能導致睡眠質量下降，形成惡性循環，使病人感到白天更加疲憊，夜晚睡眠質量更差。,生理、情緒和認知影響：除了身體上的疲勞外，癌疲憊還可能影響病人的情緒、認知能力和行為表現，降低生活品質和自信心，對家庭和人際關係造成負面影響。",null,null,null
癌症腫瘤,血癌（白血病）,"貧血,皮膚點狀出血,皮膚青腫,發燒,淋巴結腫大,骨頭疼痛,關節痛,牙齦腫脹,肝脾腫大,頭痛,嘔吐,心包膜積水,肋膜腔積水,心臟衰竭,呼吸困難,心跳加快,有倦怠感,體重減輕,帶狀皰疹,肺炎","癌細胞轉移（淋巴結、脾藏、肝藏、中樞神經系統）,腦出血昏迷,腸胃道大出血休克,敗血症,心肺衰竭","家族病史有血癌者。,長期接觸有機苯的工人。,曾接受過放射治療或化學治療的病人。,急性淋巴球性白血病好發於10歲以下兒童、急性骨髓性白血病好發於成年人，約75％新診斷病人大於60歲、慢性淋巴球性白血病好發於50歲以上中老年人。",血液腫瘤科,血液
癌症腫瘤,胰臟癌,"右上腹脹痛,背痛,食慾不振,噁心,嘔吐,腹瀉,便秘,疲倦,黃疸,體重減輕,皮膚搔癢,灰白色糞便,茶色尿液","癌細胞轉移（肝門區、十二指腸、小腸、大腸、胃、橫結腸、腹膜腔、脾臟、膽管、肝臟、肺臟、淋巴結）,慢性胰臟炎,糖尿病","60歲以上男性。,家族病史有胰腺癌者。,吸菸者。,肥胖者。,糖尿病患者。,長年接觸化學藥品者。","血液腫瘤科,胃腸肝膽科",胰
癌症腫瘤,鼻咽癌,"頭頸部腫大,單側耳塞,持續性耳鳴,聽力障礙,單側鼻塞或鼻涕增多,頭痛,口鼻不明原因滲血,鼻腔蓄膿,眼球內斜,複視,視力模糊,臉部知覺麻痺",癌細胞轉移（肝臟、肺臟、骨頭等）,"40歲以上的男性。,有鼻竇炎病史者。","血液腫瘤科,耳鼻喉科",鼻
癌症腫瘤,子宮內膜癌,"停經後出血,異常子宮出血,腹部疼痛,月經不規則,子宮積膿,貧血",癌細胞轉移（卵巢、直腸、膀胱、肺臟、肝臟、腦部等）,"不孕症或停經後的婦女。,初經較早或停經較晚的女性。,從未生育過或月經不規則的女性。,家族病史有子宮內膜癌、乳癌、大腸直腸癌及卵巢癌的女性，罹患子宮內膜癌的機率也會愈高。,糖尿病、高血壓患者。","血液腫瘤科,婦產科",子宮
癌症腫瘤,急性骨髓性白血病（AML）,"疲倦,沒胃口,體重減輕,發燒,呼吸急促,容易出血,類感冒","敗血症,敗血性休克,貧血,胸骨壓痛,牙齦腫脹,器官出血,腫瘤溶解症候群","以65歲以上的長者及40-50歲中壯族群為主，隨著老化，患者逐年增加。,男性居多,吸菸者,曾經接受化學治療、放射線治療者,有接觸原子彈輻射或苯類化學物質者,患有血液疾病者",血液腫瘤科,全身
癌症腫瘤,膀胱癌,"無痛血尿,頻尿,排尿困難,膀胱炎,尿路感染,膀胱出口阻塞,腎絞痛,體重減輕,腹痛,骨頭痛,貧血","癌細胞轉移（腹腔、淋巴結、骨骼、肺臟等器官）,腎衰竭","50歲到70歲的中老年男性。,家族病史有膀胱癌者。,美髮從業人員及經常染髮者。","血液腫瘤科,泌尿科",膀胱
癌症腫瘤,骨肉瘤,"摸到腫塊,疼痛,夜間疼痛,痠痛",null,"10-25歲青少年,50歲以上年長者",骨科,四肢
癌症腫瘤,黑色素瘤,"痣變大,痣變色",癌細胞轉移（黑色素細胞癌可轉移到其他部位皮膚、皮下組織、淋巴結，最常轉移的器官是肺臟、肝臟、腦部、骨骼、腸道）,50歲以上之中老年人。,"血液腫瘤科,皮膚科,一般外科","皮膚,指甲,黏膜"
癌症腫瘤,兒童顱咽管瘤,"視力衰退,視野缺損,視神經萎縮,失明,生長發育遲緩,長不高,肥胖,性遲熟,性早熟,尿崩,嘔吐,視乳頭水腫,大頭（嬰幼兒）,頭痛","中樞性高熱,意識障礙,尿崩症,循環衰竭,癲癇,消化道出血,無菌性腦膜炎,視力障礙,腦下垂體功能低下",null,兒童神經外科、腦神經外科、腫瘤科,蝶鞍上及腦下垂體附近
癌症腫瘤,多發性骨髓瘤,"骨折,骨痛,四肢無力,體重減輕,噁心,嘔吐,倦怠,神智異常,便祕,排尿困難,四肢麻木,少尿,泡沫尿,發燒感染","腎衰竭,尿毒症,高鈣血症,神經病變,貧血,高尿酸血症,免疫功能下降","70-75歲之年長者,男性患病機率大於女性",血液腫瘤科,骨髓、骨頭
癌症腫瘤,膽囊癌,"右上腹脹痛,食慾不振,噁心,嘔吐,黃疸,高燒、右上腹腫塊,腹水",癌細胞轉移（肺臟、骨骼、遠處淋巴結）,"50歲以上的女性為好發族群，約為男性的2-6倍。,患有「膽結石」者。膽囊癌病人約70-90％有膽結石，反言之，有膽結石者約1-3％會發生膽囊癌。","血液腫瘤科,胃腸肝膽科",膽
癌症腫瘤,嗜鉻細胞瘤,"高血壓,心悸,氣短,胸悶,頭痛,面色蒼白,大量出汗,視力模糊,皮膚潮紅,噁心,嘔吐,體溫升高,血糖升高,便秘,四肢震顫,心絞痛,焦慮,瞳孔散大","腦溢血,肺水腫,高血壓,心臟衰竭,多重器官系統衰竭,腦病變,易轉移到肺、腦及骨頭",20～50歲之成年人。,血液腫瘤科,腎上腺
癌症腫瘤,扁桃腺癌,"單側脖子腫大,單側喉嚨疼痛,吃東西感到無味,單側耳朵疼痛,單側耳鳴,吞嚥困難,張口困難,吞嚥時異物感、頸部腫脹疼痛、口腔潰瘍,扁桃腺腫脹",惡性腫瘤淋巴腺轉移,"菸、酒、檳榔接觸史,有不安全的性生活、得過人類乳突病毒感染者,男性發病機率大於女性",耳鼻喉科、血液腫瘤科,頭頸部扁桃腺
癌症腫瘤,急性淋巴性白血病,"貧血,發燒,出血傾向,不明原因的體重減輕,淋巴腺或脾臟腫大,骨頭疼痛,腿骨及胸骨疼痛","癌細胞復發,癌細胞轉移,泛血球貧血症,敗血症,嚴重出血","具先天性疾病，如唐氏症、先天性免疫不全、先天性再生不良性貧血。,接觸化學物或放射線者，如病患、相關工作人士。",小兒或成人血液腫瘤科,骨髓
心血管,高血壓,"頭重,暈眩,頭痛,流鼻血,耳鳴,眼花,失眠,心悸,疲累,肩膀痠痛,無精打采,噁心,嘔吐,抽搐,昏迷","視網膜病變,腦血管硬化,腦中風,暫時性腦缺血,心臟病,主動脈剝離,動脈硬化,狹心症,心肌梗塞,心臟肥大,心臟衰竭,腎血管硬化,腎臟衰竭,尿毒症,猝死","父母其中一方具有高血壓病史者，受遺傳而發病的機率極高。,體質對鈉較敏感，或交感神經較敏感的人。,體重嚴重超重者，尤指BMI（身體質量指數）大於三十的人。,個性過於急躁、完美主義、不服輸等內心壓力大的人。,習慣吃外食或速食，攝取過多鹽分、味精的人。,本身患有打鼾、睡眠呼吸中止症候群的人。,作息不規律，經常熬夜的人。,經常抽菸或過度飲酒的人。,老年族群或血管嚴重老化的人。,50歲以前，發生率男性高於女性，50歲以後，女性高於男性，可能與女性更年期有關。",心臟內科,心臟、血管
心血管,低血壓,"易疲倦,全身乏力,昏沉嗜睡,暈眩,耳鳴,視力模糊,注意力不集中,四肢冰冷,冒冷汗,心悸,胸悶,食慾不振,貧血,腹鳴,便祕,下痢,腸積氣,腹部鼓脹,打嗝,意識不清,腳腫,昏厥,休克","失智症,阿茲海默症,慢性疲勞症候群,憂鬱症,心肌缺血,腦中風,心肌梗塞","家族中有低血壓病史的人。,體重過輕的年輕女性。,本身患有心臟機能不全或心血管方面疾病的人。,罹患某些特殊疾病的患者，如甲狀腺機能低下、艾狄遜氏症等，因疾病緣故引起血壓過低的症狀，也算低血壓的好發族群。,長期服用降血壓藥、鎮定劑、α阻斷劑等的人。,靜脈回流較差者，如長期臥床病患、缺乏運動及下肢循環不佳，都可能導致回流心臟的血液量不足，使血壓變低。,女性月經期間，若失血量較大，血壓也會較低。","心臟血管科,家醫科","心臟,血管"
心血管,地中海貧血,"貧血,虛弱,腹部突出,發育遲緩,肝脾腫大,黃疸,骨骼變形,蒼白,頭暈,疲倦,胎兒水腫,運動耐受力降低","膽結石,脾臟腫大,B型肝炎,C型 肝炎,D型肝炎,愛滋病,心臟衰竭,心律不整,糖尿病,甲狀腺機能低下,骨骼變形,內分泌失調,肝硬化","居住於地中海沿岸、中東、印度、中國大陸長江以南、東南亞和台灣等地區的居民。,美國好發於黑人族群，台灣則以客家族群的盛行率較高。,男女雙方為同型地中海貧血帶因者，胎兒有四分之一會成為重度患者。","血液腫瘤科,小兒科,家醫科",血液
心血管,心包膜炎,"胸痛,胸悶,乾咳,倦怠,全身虛弱無力,腿部腫脹,低燒,心悸,躺下時會喘,腹部腫脹","心包膜積水,縮窄性心包膜炎與心包填塞","所有年齡層都可能出現心包膜炎，但16歲到65歲男性出現心包膜炎的機率比較高。,過去罹患心包膜炎，且治癒族群當中，約30%可能重複感染，再一次出現心包膜炎。",心臟內科、心臟血管內科,心臟心包膜組織
心血管,心肌炎,"發燒,咳嗽,喉嚨痛,嘔吐,腹瀉,肌肉痠痛,疲倦乏力,臉色蒼白,心悸,胸悶,胸痛,心搏過速或過緩,心律不整,休克,呼吸困難,昏厥,頭痛,疲累,下肢腫脹,關節疼痛,焦躁不安,食慾不振,心搏過速及發紺,腹痛,水腫","心律不整,心臟衰竭,心肌梗塞,中風,心因性猝死","自體免疫疾病患者：有類風濕性關節炎或全身性紅斑狼瘡等自體免疫疾病者，罹患機率高。,18歲以下青少年或幼童，包括抵抗力較弱的嬰幼兒。年輕人發生心肌炎的機率比中年或老年人高，男性又高於女性。,平常使用免疫藥物者，如癌症、紅斑性狼瘡、類風溼性關節炎患者，還有後天免疫缺乏症候群患者。,慢性病患，如糖尿病、末期腎臟疾病患者。,皮膚反覆受創和癒合者，例如燒燙傷患者。",心臟內科,心臟
心血管,龐貝氏症,"四肢活動力差,頭部控制力差,心臟肥大,肝臟腫大,舌頭肥大,呼吸困難,呼吸系統受損,逐漸肌肉無力,行動時感到疲憊,心臟受損,呼吸短促,睡眠中呼吸暫停症候群,嗜睡,早晨性頭痛",─,罹病關鍵來自父母的基因。若父母雙方都是帶因者，生下的子女有25%的機率罹患龐貝氏症。,"需要跨科醫療含(小兒與成人)：,遺傳科,神經科,心臟科,胸腔科,胃腸肝膽科,骨科,復健科,耳鼻喉科",肌肉，不同部位的肌肉功能會因為疾病而逐漸退化。
心血管,肺栓塞,"肋膜性胸痛,呼吸困難,呼吸短促,水腫,發紺,心搏過快,咳嗽,咳血,發燒,昏厥,暈昡,頸靜脈怒張","右心衰竭,呼吸衰竭,中風,洗腎,截肢,氣切,缺氧,休克,猝死","60歲以上的老年族群。,長時間使用電腦、長期臥床或搭乘飛機、汽車或火車者進行長途旅行者。,高血脂、糖尿病、肥胖或血脂異常等動脈硬化高風險者。,患有惡性腫瘤者，因分泌的物質可能會刺激血液凝固。,患有靜脈曲張、心肌梗塞或心臟功能不全者。,孕產婦、服用口服避孕藥、長期使用女性荷爾蒙和菸癮者。,先天性凝血過當或缺乏某種抗凝血因子等血液疾病患者。,曾有血栓病史或下肢接受開刀手術者。","心臟血管科,呼吸胸腔科",肺臟
心血管,主動脈剝離,"血壓飆升,劇烈胸痛,背痛,嘔吐,冒汗,頭重腳輕",null,"高血壓患者,家族病史者,馬凡氏症患者",心臟內科,心臟
心血管,川崎病（川崎氏病）,"發燒,紅眼,嘴唇乾裂,舌頭紅腫,草莓舌,喉嚨發炎,喉嚨紅腫,四肢末稍浮腫(疾病早期),四肢末稍脫皮(疾病後期),頸部淋巴結腫大,皮膚紅疹","冠狀動脈炎,冠狀動脈瘤,冠狀動脈瘤破裂,心肌炎,心包膜炎,心律不整,心肌梗塞,心臟衰竭,死亡","5歲以下幼童，平均年齡為2歲，又男童的發病率高於女童。,亞洲人發生率較高，日本發生率居全球第1，台灣第3。,罹患川崎病的孩童，其兄弟姊妹的罹病風險也較一般人高。,父母有川崎病病史，孩子罹患川崎病的風險也較高。","小兒科,小兒感染科,小兒心臟科","皮膚,粘膜,淋巴"
心血管,先天性心臟病,"易流手汗,焦慮,緊張,頭痛,臉色蒼白,呼吸困難,呼吸急促,嘴唇發紫,四肢發紺,四肢浮腫,心悸,心跳快,心臟雜音,發育遲緩,體力差,易疲倦,胸痛,暈厥","支氣管炎,肺炎,肺動脈高壓,感染性心內膜炎,心臟衰竭,猝死","懷孕前三個月母體曾受病毒與細菌感染，如德國麻疹、腸病毒等，或曾暴露在放射線下、服用特殊藥物、酗酒等，導致胎兒心臟發育受阻而發生畸形。,特殊孩童如早產兒、唐氏症兒等，因為染色體異常，多半容易合併先天性心臟病。,孕婦本身為紅斑性狼瘡、苯酮尿症或糖尿病患者，生出先天性心臟病兒的機率很高。,母親於懷孕期間營養不足，導致胎兒發育未全，罹患先天性心臟病的機率也高。,有先天性心臟病病史的人，下一代發生先天性心臟病的可能性也較高。","心臟血管科,小兒科",心臟
心血管,馬凡氏症候群,"骨骼系統：蜘蛛只、關節鬆弛、胸廓異常、脊柱側彎或前彎、扁平足、髖關節突出等,心臟系統：主動脈瘤、二尖瓣／三尖瓣脫落等,眼睛：水晶體脫位、高度近視等,其他：皮膚鬆弛、腰椎部位的硬腦膜膨大等","動脈瘤,主動脈剝離,猝死,鬱血性心臟衰竭,肺高壓,視網膜剝離,青光眼,早發性白內障",雙親有馬凡氏症病史者，但也有25%的病人是自發性突變導致,馬凡氏症整合門診、心臟內／外科、眼科、骨科、復健科,全身
心血管,瓣膜性心臟病,"心絞痛,腹脹,頭暈,呼吸急促,疲勞,四肢水腫,肺水腫,胸痛,食慾減退,運動時氣促,肝腫大,昏厥,心臟雜音","心肌肥厚,心臟衰竭,心律不整,中風","風濕性心臟病：常發於女性,退化性心臟瓣膜疾病：好發於老年人",心臟外科、心臟內科,心臟
心血管,心房顫動,"心悸,無力,容易疲憊,頭暈,胸悶或喘不過氣","缺血性中風,周邊血栓,心肌梗塞,心臟衰竭,失智","年齡大於65歲,男性多於女性,患有心臟病、高血壓、肺部疾病、甲狀腺疾病、代謝相關疾病者,有菸酒習慣者,生活極度緊張或疲勞,家族遺傳",心臟內科,心臟
心血管,缺血性腦中風,"單側肢體無力,單側肢體偏癱,頭痛,暈昡,失語,視力模糊,視野缺損,意識障礙,運動感覺障礙,心悸,抽搐,噁心嘔吐,倦怠,流口水,吞嚥困難,言語不清,嘴歪眼斜,大小便失禁","腸胃潰爛出血,肺炎,尿道感染,電解質不平衡,壓瘡,營養不良,肢體僵硬,肢體攣縮,便秘,腹瀉,小便困難,死亡,腦水腫,半身不遂","65歲以上老年族群，又男性發生率高於女性。,有腦中風、暫時性腦缺血、高血壓病史者。,有缺血性腦中風、高血壓家族病史者。,長期吸菸者。因尼古丁會增加心臟負荷和加速血管硬化，提高中風的發生率。,飲食方面好攝取高油、高鹽、高熱量食物者。,肥胖、缺乏運動習慣者者。","神經科,呼吸胸腔科,心臟血管科,復健科","腦,血管"
心血管,出血性腦中風,"單側肢體麻木無力,嘴歪眼斜,劇烈頭痛,眩暈,噁心嘔吐,意識不清,昏迷,言語不清,失語,吞嚥困難,流口水,走路不穩,運動失調,複視,視力模糊,視野缺損,抽搐","肺部感染,泌尿道感染,胃潰瘍,消化道出血,褥瘡,肢體僵硬變形,憂鬱,跌倒骨折,營養不良,下肢深部靜脈栓塞,大小便失禁,便秘,半身不遂,語言障礙,腦水腫,血管痙攣","45歲以上中老年族群，且男性多於女性。,長期抽菸、酗酒、身體勞累及情緒激動者。,患有高血壓、高血脂、心臟病等心血管疾病患者。,膽固醇、三酸甘油酯、 尿酸及血糖值偏高者。,習慣吃高油脂、高膽固醇食物、甜食及含糖飲料者。","神經科,心臟血管科,復健科","腦,血管"
心血管,心肌梗塞,"持續性胸痛,胸悶,盜汗,臉色蒼白,四肢冰冷,噁心,嘔吐,全身虛弱無力,暈眩,呼吸困難,休克","心律不整,心因性休克,肺水腫,心臟衰竭,心包膜積水,心臟破裂,心室壁瘤,二尖瓣脫垂,低血壓,猝死","隨年齡增長而提高。男性大於45歲，女性大於55歲，又男性發生率高於女性。,患有高血壓、糖尿病、高血脂等疾病者。尤其糖尿病患常合併有三高，加上多重代謝異常，壞膽固醇容易囤積在血管內，造成大規模阻塞病變。,情緒容易緊張、易怒、憂慮和恐慌者。,過度勞累、生活壓力大者。,缺乏規律運動習慣者。,膽固醇、血脂肪及三酸甘油脂數值過高者。,菸癮者，因抽煙會加速粥狀動脈硬化。,冠狀動脈心臟病患者，或有冠狀動脈心臟病家族史者。患者因動脈硬化血管腔狹窄，很容易造成阻塞。","心臟血管科,呼吸胸腔科",心臟
心血管,心臟衰竭,"手腳冰冷,疲倦,、胸痛,腎功能惡化,行為改變,呼吸困難,水腫,咳嗽,腦部缺氧,小便量減少,體重暴增,肝腫大","中風,肺積水,多重器官衰竭","肥胖者,高血壓患者,糖尿病患者,心臟疾病患者",內科、心臟內科,心臟
心血管,高血脂,"血濁,黃色瘤,黃斑瘤,頭暈,目眩,胸悶,嗜睡,心悸,頭痛,氣短,乏力,手腳麻木","高血壓,糖尿病,甲狀腺機能低下,腦血管疾病,腦中風,動脈硬化,動脈瘤,冠狀動脈心臟病,心絞痛,心肌梗塞,急性胰臟炎,急性膽囊炎,腎臟病,尿毒症,四肢末稍壞死症,猝死","四十歲以上、體重過重者。,家族中已有高血脂病史、先天性基因缺陷的人。,飲食習慣方面，經常攝取過多高膽固醇或高糖分的人，例如肉食主義者、愛吃肥肉、高油脂、炸物、動物內臟、蛋黃、奶製品、有殼海鮮及精緻甜點等食品。,長期過量飲酒與吸菸的人。,經常光顧吃到飽餐廳，導致總熱量攝取過多的人。,長期缺乏運動者。,長期生活緊張、工作壓力過大的人。","代謝內分泌科,心臟血管科,家醫科",血液
心血管,二尖瓣脫垂,"呼吸不順暢,非典型心絞痛,胸悶胸痛,心悸,心律不整,緊張焦慮,疲倦,自律神經失調,暈眩,昏厥",null,"好發於20～40歲女性，但男性也可能患有此病。,常見於身材纖瘦高挑、體重較輕、背部較直、胸廓扁平的族群，像模特兒就是高危險族群。,患者通常會有偏低的血壓，有時會有心電圖異常；部分患者有家族遺傳史。",心臟內科,心臟
心血管,猝死,"全身倦怠,氣促,胸悶,心悸,心絞痛,頭暈,昏倒,休克,心跳驟停,呼吸停止,無脈搏,無血壓,無意識,瞳孔放大",null,"家族中曾有猝死病史的人。,四十五歲以上的中老年人。,患有心血管疾病，如高血壓、高血脂、主動脈瓣狹窄、心肌病變、心室頻脈、心臟收縮功能不佳之患者。另外，糖尿病也很容易造成動脈硬化、提高冠狀動脈心臟病發生風險，進而引起猝死。,曾發生過中風或心肌梗塞的人。,長期菸酒過量的人。,經常性熬夜，長期讓身心過度疲勞的人。,運動過量且過於激烈的人。,飲食不規律，暴飲暴食者。,感冒許久未好的人，容易因心肌炎導致猝死。,藥物濫用者，如吸食毒品、亂服用減肥藥、藥品過量，都容易引發猝死。,一歲以下的嬰兒，尤指暴露在危險因子之下，如：母親在懷孕期間抽菸、酗酒、服藥；妊娠期間未得到充分醫療照護；早產兒或低出生體重兒；新生兒長期處在二手菸環境下；習慣趴睡等。,曾有過猝死經驗被救活的患者，再發生猝死的機率極高。","心臟血管科,小兒科",心臟
心血管,下肢靜脈曲張,"血管浮凸,皮膚癢,表層皮膚乾燥變薄,皮膚色素沉著,夜間腿部抽筋,下肢酸痛,下肢燒灼感,下肢水腫,下肢沉重感,皮膚潰瘍,血管破裂出血,微血管擴張","鬱血性皮膚炎,皮膚潰瘍休克,蜂窩性織炎,敗血症,深部靜脈栓塞,肺栓塞,死亡,血栓靜脈炎,靜脈潰瘍","50歲以上女性、懷孕或多產婦女、過度肥胖者、須維持同一姿勢不動或須長期站立的工作者，容易導致下半身血液循環變差，為此疾病的高危險族群。,老年人因血管壁缺乏彈性，較易出現下肢血液循環不良的情形。,有下肢靜脈曲張家族史者，因其天生靜脈壁較薄弱、靜脈內瓣膜缺陷等因素，容易引發該疾病。,罹患心臟病、肝硬化等慢性疾病病患，會妨礙血液回流到心臟，易導致該疾病產生。,服用避孕藥或使用女性荷爾蒙治療者，可能會導致靜脈擴張，使血管變得脆弱，容易引發此疾病。,有長期腹內壓增加的情況，如便秘、腹部大血管附近長腫瘤、前列腺肥大、蹲踞等，使下肢靜脈回流受到阻礙，就容易引發靜脈曲張。","一般外科,心臟血管科",下肢皮膚
心血管,冠心病,"胸悶,胸痛,喘不過氣,心悸,暈倒,冒冷汗,噁心,嘔吐,呼吸困難,頭暈","心絞痛,心肌梗塞,心衰竭,心律不整,猝死,休克","45歲以上、女55歲以上。男女發病比例約2：1，女性如無糖尿病等其它重大危險因子則停經前少發生。,三高（高血壓、高血脂、高血糖）及糖尿病患者。,有心血管疾病家族病史者。,過於肥胖、運動量過少者。,長期吸煙者、大量酗酒者。,常吃高熱量、高動物脂肪、高膽固醇、高糖飲食者。,過度操勞、缺乏休息睡眠者。,壓力大、精神容易過度緊張者。",心臟血管科,心臟
心血管,心律不整,"可能全無症狀,心悸,頭暈,胸痛,心搏驟停,休克,昏厥,猝死",null,"有心臟疾患或任何心肌病變。,有心律不整或syncope的家族史。,家族中有心因性猝死的個案。",心臟血管科,心臟
心血管,心律過緩,"頭暈,疲倦,無力,昏厥,心悸,心跳停止,胸悶,運動耐受度減弱","心肌缺血,心肌梗塞,節律障礙,低血壓,心臟衰竭,腦缺血,休克","先天性心臟病患者,心臟傳導組織退化者,年長者,運動員,腦下垂體功能低下者,服用神經藥物或高血壓藥物者,內分泌功能異常者,自律神經失調者",心臟內科、心律不整門診,心臟
心血管,難治性高血壓（頑固型高血壓）,血壓高,"腦中風,心肌梗塞,心臟衰竭,腎臟衰竭,死亡","40歲以上的人,肥胖者,睡眠呼吸中止症患者",心臟內科;腎臟內科;內科;家醫科,腎交感神經亢奮恐是原因之一
心血管,心碎症候群（章魚壺心肌症）,"急性胸痛,呼吸困難,胸悶,胸部有壓迫感,休克","肺水腫,低血壓,心律不整,心臟衰竭","停經後的女性,有焦慮、憂鬱者,頭部外傷,有癲癇病史",心臟內科,心臟
心血管,假期心臟症候群,"心室性心律不整,心房顫動,急性心臟功能衰退,胸痛,呼吸不順","心臟衰竭,缺血性中風,腸中風,心肌梗塞","酗酒者,熬夜者,重鹹飲食者,暴飲暴食者,生活壓力大的上班族或學生",心臟血管內科,心臟
心血管,肺高壓,"容易喘,咳嗽,咳出血絲,腿、腳和脖子處水腫,頭暈,暈倒","右心衰竭,猝死","好發性別與年齡：女性，20到50歲。,家族相關遺傳病史者。,結締組織疾病患者（如：紅斑性狼瘡、硬皮病、⋯⋯等）。,先天性心臟病患者。,肝硬化患者。,安非他命使用者。,HIV（人類免疫缺乏病毒）感染者。",有肺高壓治療團隊的醫院、心臟內科、胸腔內科,肺血管及心臟
心血管,風濕性心臟病,"疲倦,食慾不振,頭暈目眩,四肢冰冷,面色蒼白,發燒,心跳加速,胸痛,呼吸困難,咳血,下肢水腫,腹脹,尿少,二尖瓣閉鎖不全","心肌炎,心臟衰竭,二尖瓣膜病變,主動脈瓣膜病變,細菌性心內膜炎","6-15歲之學齡兒童,風濕熱患者,反覆感染鏈球菌咽喉炎者",心臟血管內科,心臟
心血管,狹心症（心絞痛）,"胸悶,胸痛,呼吸短促,呼吸喘,倦怠,疲倦,頭暈,頭昏,噁心,嘔吐,盜汗,腹痛,上腹脹氣,上腹不舒服","心肌梗塞,心衰竭,心律不整,休克,猝死","高血壓、高血糖與高血脂三高病患。,40歲以上男性。,停經後女性。,缺少運動族群。,新陳代謝症候群病患或體重過重族群。,壓力大族群。,冠狀動脈疾病家族史族群。,長期抽菸者。",心臟內科,冠狀動脈、心血管
身心精神,失智症,"記憶障礙,語言障礙,行為重複,被害心理,算術能力喪失,迷路,日夜顛倒,憂鬱,幻覺,妄想,偏執,無法自我照顧,步伐不穩,個性改變,情緒不穩","憂鬱症,中風,腦血管二度病變,肺炎,泌尿系統感染,敗血症,骨折","六十五歲以上的高齡人士。,具有失智症家族病史的人，父母親或兄弟姊妹曾患有阿茲海默症等退化性失智症或血管性失智症，相對一般人病發的風險較高。,巴金森氏症患者，罹患失智症的風險較一般同齡者高。,罹患心血管疾病、高血壓、糖尿病、高膽固醇者，或曾有中風病史與家族史的人，引發血管性失智症的可能性也高。尤其中風患者是高危險群。,腦部曾受創傷或感染的人。,長期處於憂鬱，極少參與社交活動的人。,長期抽菸的人，認知功能退化的速度較快。","身心精神科,神經科,家醫科,老年醫學科",腦部
身心精神,譫妄症,"反應遲鈍,注意力不集中,幻覺,記憶障礙,自我定位障礙,妄想,情緒不穩定,震顫,癲癇,胡言亂語,晝夜顛倒,失眠,失憶,昏睡","褥瘡,呼吸系統感染,泌尿系統感染,口腔潰瘍,角膜潰瘍","六十五歲以上高齡男性，且本身行動不便、營養不良、脫水、視覺或聽覺功能退化等狀況。,已帶有認知功能方面疾病的人，例如失智症、巴金森症患者。,過去曾有譫妄病史的人。,長期酗酒的人。,具有嚴重疾患、多重慢性病或服用多種藥物的。,接受大型手術住院病患，或長期待加護病房的病患。","身心精神科,老年醫學科",腦部
身心精神,思覺失調症,"幻覺,幻聽,妄想,胡言亂語,言語片段,疏離人群,退縮,情感冷漠,攻擊,破壞,自殘,思考障礙,注意力無法集中,睡眠障礙","心血管疾病,肝病,糖尿病,發胖","好發於18-25歲之間，家族中已有精神分裂症病史的人。,體質異常者，體內多巴胺濃度高過正常值許多，導致腦內化學作用產生變異。,藥物及毒品濫用的人。,精神和情緒壓力過大的人。,在家庭成長背景中曾經歷嚴重問題的人，例如父母離異、過度情緒化的教育方式、家庭成員間的失和等。",身心精神科,腦部
身心精神,躁鬱症,"亢奮,易怒,不想睡,多話,失焦,激躁不安,情緒起伏大,情緒低落,疲倦,無力,無價值感,罪惡感,想自殺,注意力不集中,食慾改變","注意力不足過動症,失眠,飲食障礙症,溼疹,乾癬,甲狀腺疾病,腦炎","好發於年輕族群，十五至二十五歲之間的青少年。,家族病史或個人病史中已有罹患躁鬱症案例之人。,成長環境中壓力過大且缺乏社會支持的人。,早期人格發展經驗心理受創者，如父母離婚、驟逝、或曾受虐待、管教過嚴等。",身心精神科,腦部
身心精神,憂鬱症,"情緒低落,想哭,易怒,食慾反常,體重反常,性慾低,失眠,嗜睡,倦怠,四肢無力,悲觀,反應遲緩,健忘,心悸,胸悶,自殺念頭,自殘,恐慌,焦躁,注意力不集中,頭痛,胃痛,腰痛,消化不良,腹瀉,便秘","暴食症,厭食症,躁鬱症,焦慮症,恐慌症,強迫症,妄想症,思覺失調症,心血管疾病,腸胃疾病,癌症","歷經重大人生危機或生活遭逢劇變者，譬如失業、失婚、財務危機、親人驟逝、退休等。,長期處在人際關係壓力緊繃及挫折感很深的人，如在學校或職場上遭同儕排擠、失戀、婆媳、夫妻、親子問題等。,具特殊性格者，如強迫性格、依賴、神經質、歇斯底里、完美主義、恐慌或邊緣性人格等，容易在生活中遭遇問題時，無法有效解決或紓發情緒，進而導致憂鬱症。,體質性遺傳者，家族中已有憂鬱症病史的人。,六十五歲以上的長者，因獨居居多、病痛也較多，經常多重用藥，而許多藥物的副作用都易併發憂鬱症，如降血壓藥物、消炎止痛藥、類固醇、巴金森氏症藥物、神經安定劑、鎮定安眠藥、強心劑等。,罹患其他慢性疾病的人，如癌症、中風、癡呆症等，而照顧這些慢性疾病患者的親人，也會因長期身心俱疲而成為憂鬱症的好發族群。,女性帶有經期症候群、產後症候群或更年期症候群的人。,酒癮及藥癮者，酒精以及藥物濫用，可能導致憂鬱症發病。,長期缺乏社會支持的人，如獨居者。","身心精神科,家庭醫學科",心理
身心精神,自律神經失調,"頭痛,頭暈,胸悶,心悸,腸胃道不適,呼吸急促,冒汗,手腳發抖,肩頸肌肉緊張痠痛,耳鳴,手腳發麻或是同時伴隨心理上的失控感，甚至擔心自己即將死亡","失眠,憂鬱症,焦慮症,其他身心症","憂鬱症患者,焦慮症患者,完美主義或高自我要求者,情緒敏感者",精神科、身心科,全身
身心精神,失眠,"難入睡,淺睡,易驚醒,多夢,早醒,疲倦,哈欠連連,食慾低落,精神渙散,頭痛,記憶力衰退,喪失身心動力,胸悶,肩頸酸痛,腹脹","神經衰弱,內分泌失調,憂鬱症,躁鬱症,感冒,肝炎,腸胃病,高血壓,心臟病,甲狀腺機能低下症,癌症,意外事故,腦中風,猝死,免疫力降低,生長激素分泌減少","特殊工作性質者，例如晝夜需要輪班，白天睡覺、晚上工作的保全、醫院值大夜班的護士醫生，以及跨越多個時區經常性往返出勤的空服員等。,長期壓力過大、容易緊張焦慮的人。,嗜抽菸飲酒、或有咖啡癮、茶癮的人。,本身罹患特定疾病，如睡眠呼吸中止症、不寧腿症候群、哮喘、胃病、關節炎、慢性胃痛、心臟病、糖尿病等患者。或罹患精神方面的疾病，如精神分裂症、憂鬱症及焦慮症等，多半有失眠症狀，不過失眠通常只是其一症狀，不是唯一症狀。,上網成癮者，深夜手機、電腦都不離手的人，容易抑制腦部睡眠機制，久而久之產生失眠問題。,夜生活無度的人，過晚的時間接受聲光刺激。,更年期或年長者，本來就因年紀增長睡眠時間漸減，另又較易因病痛、身體不適，而有失眠現象。","家醫科,身心精神科,神經科",腦部
身心精神,自閉症,"冷漠,不理人,不看人,失語,仿說,不合群,行為固著,自殘,動作重覆,行為固定","癲癇,先天性德國麻疹,結節性硬化症,智能障礙","家族中已有自閉症病史的人。,體質帶有特殊染色體的人，如本身罹患X染色體易脆症。,早產、難產、懷孕期受病毒感染產下的胎兒，因腦部受創或發育受損，尤指左腦與前額部位，都可能增加自閉症的好發率。,嬰兒期因感染腦炎、腦膜炎等疾病，進而使腦部功能受損，增加罹病機率。,先天新陳代謝功能障礙者，例如苯丙酮尿症，因容易影響腦神經訊息傳遞功能，也是併發自閉症的好發族群。","身心精神科,小兒科,復健科",腦部
身心精神,恐慌症,"心跳加速,呼吸急促,害怕,焦慮,暈眩,頭痛,反胃,顫抖,冒冷汗,吞嚥困難,胸痛,胸悶,灼熱,指尖麻痺,失控","憂鬱症,畏懼症,懼曠症,高血壓,原發性心肌肥大症,甲狀腺機能亢進,睡眠障礙,飲食障礙","家族病史或個人病史中已有罹患恐慌症案例之人。,個性較內向，於生活上容易積蓄長期的壓力未能抒發的人。,神經敏感，容易緊張，對事或對人容易有預期性焦慮者。,完美主義性格，責任心與好勝心強的人。,社經地位較高，事業心重的人。,容易受外界影響的人，如在面對負面新聞充斥媒體的現代，帶著深信不疑的態度接收所有訊息，不予以過濾，很容易造成非常態的恐慌及聯想。",身心精神科,心理
身心精神,神經衰弱症,"精神倦怠,容易疲勞,腦力遲鈍,健忘,失眠,難入睡,多夢,易怒,躁動,缺乏耐心,頭痛,頭脹,頭暈目眩,耳鳴,肩頸僵硬,腰痠背痛,手腳痛,胸悶,食慾差,頻尿,腹瀉,消化不良,多汗,心跳加快,肌肉緊繃,注意力不集中,記憶力衰退","陽痿,早洩,月經失調,自律神經失調,焦慮症,憂鬱症,慮病症,恐慌症,強迫症","20至50歲的白領階級，重腦力工作者。,經常熬夜、作息不規律，或本身有失眠問題的人，睡眠不充足對腦神經傷害極大。,身兼數職的職業婦女，長期下來不僅體力透支、心神也會變得過度慢性疲勞。,處在競爭激烈環境之中，神經過度緊繃的人。,煩惱多、情緒壓力過大的人。,居住或工作環境經常變換，生活不安定的人。,本身罹患其他慢性疾病，長期身體的不適對腦神經細胞的過度刺激也易誘發神經衰弱，例如前列腺炎患者。","身心精神科,神經科","腦部,神經系統"
身心精神,焦慮症,"緊張,焦慮,鑽牛角尖,不耐煩,分心,易怒,暈眩,呼吸窘迫,胸悶,心跳急促,心悸,雙手發抖,發熱,臉紅,冒冷汗,多汗,腹瀉,頻尿,反胃,失眠,體重減輕,說話結巴,口乾舌燥,鬱悶","憂鬱症,恐慌症,強迫症,厭食症,神經性偏頭痛,失眠,神經衰弱,幻肢痛,慢性咽喉炎,口角炎,慢性腸胃病,心血管疾病,早洩","長期處於高度競爭或壓力環境下工作的人，例如前線站哨者、廣告行銷企劃、業務、專櫃小姐、醫療人員、新聞記者等。,個性屬於求好心切、完美主義者、愛操心、喜歡將所有責任全攬在自己身上的人；其中又以女性居多。,生長背景中曾遭受某些嚴重心理創傷的人，如棄養、社交挫折，或生活上的重大打擊，所造成的自卑、多疑、內向、膽怯怕事之性格。,本身罹患其他精神官能症，如思覺失調症（精神分裂）、強迫症、恐慌症，或有慢性疼痛疾病、癌症、甲狀腺機能亢進、長期失眠的人，併發焦慮症的機率極高。","身心精神科,家醫科",心理
身心精神,亞斯伯格症候群,"社交困難,溝通困難,固執,狹窄興趣","社交障礙,強迫症,注意力不足過動症","出生時期腦部受損,家族遺傳史,男性高於女性",身心精神科、小兒科、復健科,腦部功能失調
身心精神,強迫症,"強迫聯想,重複回憶,重複疑慮,反覆檢查,強迫洗滌,強迫計數,動作儀式化,強迫思考,思維對立化,焦慮","憂鬱症,躁鬱症,失眠,恐慌症,社交恐懼症","課業壓力過重的學生族群，尤以資優生發病率最高。,自我要求過嚴及完美主義的強迫性格者。,情緒較一般人敏感脆弱的人，個性偏內向、膽怯、怕犯錯、對自我能力缺乏自信心，遇事過度謹慎、容易自責、悲觀。",身心精神科,心理
身心精神,厭食症,"體重驟降,拒食,暴食,噁心,嘔吐,反胃,腹脹,疲倦,便祕,全身無力,精神抑鬱,暈眩,喘氣,心律不整,畏寒,低溫,貧血","憂鬱症,社交畏懼症,強迫症,腸胃機能失調,內分泌失調症候群,代謝失調,骨質疏鬆症,不孕症,低血壓,心臟病,低血糖,尿崩症,腎結石,多重器官衰竭,營養不良,電解質不平衡,脫水,月經停止","十二至二十歲左右的青春期少年，女男比例為十比一，過分在意身體形象、積極尋求同儕認同。,因職業需求需要不斷維持纖瘦身材的人，不分男女，如演員、舞者、模特兒、或騎師、舉重、柔道、摔角選手等運動員，亦有較高的罹病率,而多數患者的社經地位又屬於中上階層。,非常害怕變胖，經常想用各種方式減肥瘦身的人。,長期處在壓力大的環境之下，情緒焦慮、憂鬱的人。,個性上屬於固執與完美主義，對身體有較多負面評價與強迫行為的人。,本身罹患特殊生理疾病如癌症患者，疾病造成的疼痛或因藥物治療產生的副作用，易併發厭食症。,藥物濫用者，多數毒品如安非他命或古柯鹼的副作用之一就是造成食慾驟減，長期倚賴將引發厭食症。",身心精神科,心理
身心精神,妄想症,"頭暈,心神不寧,被害妄想,狂熱,疑神疑鬼,失眠,憂鬱,嫉妒,惱羞成怒,跟蹤,騷擾,襲擊","失智症,憂鬱症,躁鬱症","40歲以上。老年妄想症則多為60歲以上且罹患失智症的人，尤其重度失智症，好發率約五成。,重度憂鬱症患者，嚴重時很容易併發毀滅、自罪或被害等妄想症。,妄想性人格者，個性過分敏感、多疑、固執不知變通，對人缺乏基本的信賴感。,慢性酒精中毒者，好發酒精性妄想症狀如嫉妒妄想、自大妄想。,內向、孤僻，極少與外界接觸的人，例如獨居或守寡。,社經地位低、生活壓力過大、失業、無家可歸者，比一般人更容易病發妄想性精神病。",身心精神科,心理
身心精神,注意力不足過動症（ADHD）,"注意力不集中,過動,衝動,學習障礙,對立反抗與行為規範障礙,憂鬱症,抽搐,妥瑞氏症,躁鬱症,睡眠障礙","偏差行為,憂鬱,焦慮",null,"兒童心智科,兒童精神科",大腦前額葉
身心精神,癌因性疲憊症（癌疲憊）,"感到與近期活動程度不成比例的明顯疲累、缺少活力或需要增加休息,全身虛弱、沉重,難以集中精神、注意力,習慣做的事變顯得乏味,不少睡、睡不好、難早起、睡太多,睡醒依舊感覺疲累，精神未恢復,任何事都必須經過一番掙扎、勉強自己去做,因為疲累而感到悲傷、失意煩躁,因為疲累，做事容易放棄,記性變差,做了費力的事，會持續感到病懨懨、不舒服","焦慮和憂鬱：癌疲憊常常讓病患「失志」，結果是焦慮、憂鬱和失能同時存在，相互加重病人的情緒負擔；而治療的藥物，有可能會更增加疲憊感。,貧血：貧血會導致疲憊，而癌疲憊可能導致營養攝取不足，或因造血細胞受癌症/癌症治療影響，更惡化貧血情況，進一步加重癌疲憊感。,睡眠障礙：癌疲憊可能導致睡眠質量下降，形成惡性循環，使病人感到白天更加疲憊，夜晚睡眠質量更差。,生理、情緒和認知影響：除了身體上的疲勞外，癌疲憊還可能影響病人的情緒、認知能力和行為表現，降低生活品質和自信心，對家庭和人際關係造成負面影響。",null,null,null
身心精神,日落症候群,"意識混亂,躁動,踱步,具有攻擊性,不安,焦慮,沮喪,遊走,注意力不集中,尖叫,產生幻覺","躁動,不安,焦慮,胡言亂語","一、各種失智症患者，包含罹患阿爾茲海默氏症的失智症長者。,二、急、慢性意識混亂的長者。",精神科、神經科,精神行為表現
身心精神,邊緣型人格疾患,"無法忍受被人拋棄,不安全感,極端思考模式,自我認同障礙,自我傷害行為,衝動行為,情緒不穩定,對憤怒難以控制,憂鬱,焦慮,自殺,自殘,威脅行為,傷人行為,經常有空虛感,嚴重解離現象","關係不穩定,離婚機會增加,頻繁更換工作或失業,學業未完成,發生車禍機率增加,捲入暴力事件,感染性病,意外懷孕","有邊緣型人格疾患或類似的精神疾患家族史者。,童年創傷者，如：家暴、性侵、性虐待；父母或照顧者有心理健康問題或濫用藥物；敵對、不穩定的家庭關係；面臨分離或遭忽視。",精神科、身心科,心理
身心精神,過度換氣症候群〈換氣過度、過度換氣）,"胸悶,心悸,暈眩,身體麻痺感,頭暈,四肢麻木,全身無力,喘不過氣,痙攣,手抖,抽搐","缺氧,窒息,昏倒","15至55歲年輕族群，女性多於男性。,恐慌症患者。,個性容易緊張、敏感的人。,遭遇重大變故、壓力過大者。,酒精成癮戒酒者。",身心科、精神科,身心
身心精神,幽閉恐懼症,"出汗,發抖,潮熱,感到強烈的恐懼或恐慌,變得焦慮,氣促,換氣過度,心率加快,胸悶或疼痛,噁心,感覺虛弱或頭暈目眩,感到困惑或迷失方向","情緒障礙,無法正常社交","特定恐懼症可能首次出現在兒童時期，通常在十歲左右出現。,家中成員若患有幽閉恐懼症者，更有可能患上幽閉恐懼症。,經歷可怕的創傷事件，例如被困在電梯裡而引發。",精神科、身心醫學科,大腦
身心精神,創傷後壓力疾患（創傷後壓力症候群）,"過度警覺,逃避麻木,再度體驗創傷,恐懼,焦慮,緊張,失眠,負面情緒或想法,對活動失去興趣","焦慮,恐慌,憂鬱,沮喪,自殺念頭或行動,酒精或物質濫用,飲食障礙","經歷嚴重創傷事件。,小時候遭受其他創傷，例如兒童期受虐。,從事的工作更容易暴露在創傷事件，例如軍隊或警消急救人員。,罹患焦慮症或憂鬱症等其他精神問題。,過度飲酒或藥物使用等物質濫用問題。,缺乏家人和朋友的支持。,內向、神經質、逃避性格。,親人有焦慮症或憂鬱症等精神問題。",精神科、身心科,大腦
身心精神,社交畏懼症（SAD）,"十分口乾,流汗,心跳加速,心悸,經常想去大小便,手指腳趾麻痺或有被針刺的感覺 (當呼吸太急促時候容易出現)","憂鬱症,懼曠症 (廣場畏懼症),藥物與酒精成癮","具有家族遺傳因子,曾受過嚴重創傷",身心醫學科、精神科,腦部
身心精神,精神官能症,"在精神方面，主要呈現焦慮、憂鬱、緊張、害怕、不安等心理症狀，記憶力變差、同時也會出現失眠的症狀。,在生理方面，會出現胸悶、心跳加快、心悸、呼吸困難、消化不良、腹瀉或便秘、頻尿或月經失調的現象。也可能出現口乾舌燥、手腳顫抖、冒冷汗、全身痠痛等症狀。","自殺、自殺未遂以及出現自殺的念頭,酗酒與藥物濫用問題,影響工作效率以及成效,無法進行正常社交活動,生活品質降低","個性較為敏感、對小事容易緊張的人,要求完美、過度自責且執著好強的人,缺乏自信、無法自我肯定且容易受影響的人,心理上缺乏安全感的人",身心醫學科、精神科,腦部
耳鼻喉科,口臭,"嘴臭,嘴苦,口乾舌燥,髮乾,牙齦腫痛,發燒,舌苔,腸胃脹氣,消化不良,胸悶,便祕,頻尿,胃痛,煩躁,失眠,疲倦","牙周病,齲齒,口瘡,牙齦炎,疱疹性牙齦口腔炎,慢性鼻竇炎,急慢性胃炎,胃潰瘍,腸炎,十二指腸潰瘍,反胃性食道炎,幽門螺旋桿菌感染,肝炎,慢性支氣管炎,支氣管腫瘤,肺結核,痔瘡,糖尿病,胃癌","有口腔相關疾病或問題的人，如慢性牙周病、牙齦炎、蛀牙、口內炎、舌炎等患者，或口腔衛生習慣不佳，不喜刷牙、戴不潔淨的假牙、牙套者。,患有全身性疾病的人，與新陳代謝或內分泌方面有關，如糖尿病、腎臟病、肝臟病患者；或正值生理期及更年期的女性。,有腸胃疾病、消化系統方面問題的人，如長期便祕、胃潰瘍、胃食道逆流、腸胃炎、胃出血、胃癌、及感染幽門螺旋桿菌。,有呼吸道方面問題的人，包括：慢性支氣管炎、支氣管腫瘤、鼻子過敏、鼻竇炎、鼻涕倒流者。,口腔唾液腺功能不佳者，口水分泌過少易使細菌累積滋生造成口臭。如高齡者唾液腺衰退，或接受化療的癌症患者唾液腺功能受抑制。或常服用某些特殊藥物如抗組織胺、抗巴金森疾病藥物、化療藥物、利尿劑、安非他命等，也易引發口臭。,經常吸菸、喝酒、或嚼食檳榔的人。,大量攝食口味重的刺激性食物者，如大蒜、洋蔥、韭菜、醃燻肉類等。,長期處於高壓力狀態、情緒不佳的人。","家醫科,牙科,胃腸肝膽科",口腔
耳鼻喉科,口腔癌,"口腔黏膜變白,口腔出現紅白斑或紅斑,口腔腫塊,口腔潰瘍久不癒合,口腔不明出血,頸部硬塊,舌頭知覺喪失,舌側緣出現周圍變硬的腫塊或潰瘍",癌細胞轉移或侵犯鄰近部位（肝臟、肺部、骨骼或顱底、口咽、下咽等）,"在25到44歲男性，為台灣十大癌症之口腔癌最常見者。,長期嚼食檳榔、吸菸及喝酒過量者。","牙科,耳鼻喉科,整型外科,口腔顎面外科,口腔病理及診斷科,腫瘤內科,放射腫瘤科",口腔
耳鼻喉科,流行性感冒（流感）,"發燒,打噴嚏,咳嗽,流鼻涕,鼻塞,頭痛,喉嚨痛,全身痠痛","肺炎,心肌炎,中耳炎,鼻竇炎,腦炎","2歲以下幼兒。,65歲以上老人。,慢性病患者或孕婦。","家醫科,耳鼻喉科,內科","咽喉,鼻"
耳鼻喉科,感冒,"打噴嚏,咳嗽,流鼻涕,鼻塞,頭痛,喉嚨痛","鼻竇炎,支氣管炎,中耳炎,肺炎","2歲以下幼兒。,65歲以上老人。,慢性病患者。","耳鼻喉科,家醫科","咽喉,鼻"
耳鼻喉科,過敏性鼻炎,"打噴嚏,眼睛癢,耳朵癢,鼻塞,流鼻涕,鼻涕倒流,頭暈,注意力無法集中,黑眼圈","鼻竇炎,睡眠障礙,失眠,中耳炎,哮喘,嗅覺異常,腦膿瘍","過敏性體質者。,雙親為過敏性鼻炎患者。","耳鼻喉科,家醫科",鼻
耳鼻喉科,龐貝氏症,"四肢活動力差,頭部控制力差,心臟肥大,肝臟腫大,舌頭肥大,呼吸困難,呼吸系統受損,逐漸肌肉無力,行動時感到疲憊,心臟受損,呼吸短促,睡眠中呼吸暫停症候群,嗜睡,早晨性頭痛",─,罹病關鍵來自父母的基因。若父母雙方都是帶因者，生下的子女有25%的機率罹患龐貝氏症。,"需要跨科醫療含(小兒與成人)：,遺傳科,神經科,心臟科,胸腔科,胃腸肝膽科,骨科,復健科,耳鼻喉科",肌肉，不同部位的肌肉功能會因為疾病而逐漸退化。
耳鼻喉科,鼻竇炎,"頭痛,鼻塞,發燒,流黃鼻涕,咳嗽,鼻涕倒流","失明,敗血症,蜂窩性組織炎,眼窩膿瘍,腦膜炎,腦膿瘍","過敏性鼻炎患者。,有抽菸習慣者。",耳鼻喉科,鼻
耳鼻喉科,慢性鼻炎,"鼻塞,耳悶塞感,重聽,流鼻涕,打噴嚏","睡眠呼吸中止症,中耳炎,鼻竇炎,過敏性鼻炎,鼻中膈彎曲","過敏性鼻炎患者。,有抽菸習慣者。,心臟病、高血壓患者。",耳鼻喉科,鼻
耳鼻喉科,中耳炎,"耳痛,耳鳴,鼻塞,發燒,聽力減退","聽力受損,中耳積水,腦部感染,鼻炎,鼻竇炎,咽喉炎,顏面神經麻痺,腦膜炎,腦膿瘍","學齡前孩童，在托兒所照護，家長有吸菸習慣。,常躺著進食，及上呼吸道感染的孩童。",耳鼻喉科,耳
耳鼻喉科,睡眠呼吸中止症,"打呼,打鼾,嗜睡,精神不濟","高血壓,心律不整,心臟病,蛋白尿,心肌梗塞,心衰竭,猝死,糖尿病","40歲以上的肥胖男性。,更年期女性。,頸圍較粗或先天顱顏異常者。","耳鼻喉科,神經科,身心精神科,呼吸胸腔科",鼻
耳鼻喉科,梅尼爾氏症,"耳塞,眩暈,耳鳴,重聽,噁心,嘔吐",聽力喪失,30~50歲的成年人。,耳鼻喉科,耳
耳鼻喉科,口瘡,"唇破,舌破,頰內潰爛,牙齦紅腫,進食痛,灼熱感,口乾舌燥","口腔炎,口腔癌,扁平苔癬症,貝歇氏病,潰瘍性結腸炎","生活壓力大，情緒緊張，過度疲勞，經常熬夜睡眠不足的人。,本身體質較虛弱，免疫力缺乏者。,營養不均衡的人，尤其缺乏維生素B12、鐵、葉酸。,飲食習慣嗜吃刺激性食物的人，如燒烤類、油炸類、豆類、巧克力、洋芋片、麻辣鍋等，或吃太多熱性（上火）食物的人，如龍眼、荔枝、榴槤、釋迦、蒜等，以及愛吸菸喝酒的人。,內分泌失調者，例如生理期來之前一週內的女性及更年期婦女，因為體內荷爾蒙的變化很容易誘發口瘡。","家醫科,耳鼻喉科,牙科,風濕過敏免疫科",口腔
耳鼻喉科,眩暈症,"頭暈,耳鳴,身體失去平衡,感覺快昏倒,感覺周圍空間及景物晃動","噁心,嘔吐,冒冷汗","1.引起眩暈症的疾病中，前庭神經炎好發於30 – 60 歲的中年人；梅尼爾氏症則好發於30-50 歲,2.作息不規律、生活壓力大、時常處於焦慮中者",耳鼻喉科、一般內科、神經科、神經內科,頭部
耳鼻喉科,扁桃腺炎,"嚴重的喉嚨痛,吞嚥困難,吞嚥時會痛,發出沙沙聲,咳嗽,口臭,發燒,缺乏食慾,頭痛,脖子僵硬,顎下淋巴結腫大,扁桃腺出現白色或黃色的點,張開嘴巴有困難,疲勞","猩紅熱,風濕熱,風濕性心臟病,腎絲球腎炎,中耳炎,支氣管炎,氣管炎,鼻竇炎,側扁桃膿瘍,後咽部膿瘍",3~10歲的兒童,耳鼻喉科、小兒科,咽喉
耳鼻喉科,腮腺炎（豬頭皮）,"臉部疼痛,臉部腫脹,頭痛,發燒,噁心,畏寒,喉嚨痛,腮腺腫大","顏面神經麻痺,腮腺膿瘍,蜂窩性組織炎,臉部凹陷,臉部畸形,睪丸炎,卵巢炎,腦膜炎,耳聾",4~9歲兒童。,耳鼻喉科,臉
耳鼻喉科,鼻咽癌,"頭頸部腫大,單側耳塞,持續性耳鳴,聽力障礙,單側鼻塞或鼻涕增多,頭痛,口鼻不明原因滲血,鼻腔蓄膿,眼球內斜,複視,視力模糊,臉部知覺麻痺",癌細胞轉移（肝臟、肺臟、骨頭等）,"40歲以上的男性。,有鼻竇炎病史者。","血液腫瘤科,耳鼻喉科",鼻
耳鼻喉科,鼻中膈彎曲,"鼻塞,流鼻血,流鼻涕,頭痛","鼻中膈穿孔,鼻竇炎,慢性咽喉炎,慢性肥厚性鼻炎,睡眠呼吸中止症",鼻部外傷者。,耳鼻喉科,鼻
耳鼻喉科,唾液腺結石,"下巴疼痛,頸部腫脹,腺體腫塊及化膿,發燒,吞嚥困難,呼吸困難","急性化膿性唾液腺炎,唾液管擴張,唾液管慢性纖維化狹窄,膿瘍,深頸部感染,敗血症,蜂窩性組織炎","中年男性,抽菸,口腔衛生不佳(牙科疾病、嚼食檳榔…等),體內水份缺乏者,乾燥症候群患者,唾液腺慢性發炎者,唾液腺外傷者",耳鼻喉科,頭頸部及口腔
耳鼻喉科,口腔扁平苔蘚,"口腔黏膜白色條紋,口腔黏膜網狀斑塊,口腔黏膜潰瘍,口腔黏膜疼痛出血,牙齦發炎紅腫","口腔癌,續發性口腔黴菌感染,憂鬱症,營養不良,體重下降","中年婦女,免疫力低下者,服用特定藥物者，如：降血壓、降血糖藥物",牙科、口腔顎面外科、口腔內科、耳鼻喉科,口腔
耳鼻喉科,口腔黏膜白斑症,"頰黏膜白斑,舌白斑,牙齦白斑,唇黏膜白斑,病灶外觀呈白色或灰白色的斑塊，分布在口內頰黏膜、舌表面與舌側緣，而唇黏膜、牙齦、口底、腭部、嘴角內側（唇聯合）等處亦可能出現。此異樣斑塊無法以擦拭法刮除，臨床上患者一開始並無自覺感，後來以舌尖碰處該處黏膜會有粗糙感，少數會對辛辣和刺激性的食物逐漸變敏感","口腔癌,口腔黏膜紅斑症","長期有不良口腔習慣的人，如老菸槍、檳榔族、酒癮者。,長期遭受口內外傷刺激的人，如假牙、銳牙、問題智齒或齲齒造成黏膜反覆受創（外觀雖如白斑，但診斷名為「磨擦性角質病」)。,臨床病例以40歲以上男性居多。","牙科,耳鼻喉科",口腔（口腔黏膜）
耳鼻喉科,口腔黏膜下纖維化症,"口腔黏膜泛白,硬化失去彈性,有時會起水泡/潰瘍，或有纖維化帶,張口困難,進食困難,吞嚥困難,對辣味食物敏感、疼痛,味覺減退,口乾,耳痛,喉痛,鼻音","口腔黏膜白斑症,口腔黏膜紅斑症,疣狀增生,失聰,口腔癌,鱗狀細胞癌,疣狀癌",現在或曾經嚼食檳榔的人。口腔黏膜下纖維化症患者百分之百都有吃檳榔的習慣；而嚼食檳榔的人，罹患口腔黏膜下纖維化症的機率比罹患口腔癌更高。,"牙科,耳鼻喉科",口腔（口腔黏膜）
耳鼻喉科,膽脂瘤,"耳朵流膿,耳臭,耳脹,耳鳴,耳痛,聽力減退,聽力喪失,顏面神經麻痺,臉歪嘴斜,吞嚥困難,不平衡感,眩暈,頭痛","腦膜炎,腦炎,腦膿瘍,聽力障礙,平衡功能缺失,內耳瘻管,眩暈,顏面神經麻痺,乳突炎,側靜脈竇血栓,腦疝脫","慢性中耳炎不治療，或反覆發生中耳炎者，很容易併發膽脂瘤。,先天性膽脂瘤的好發年紀平均年齡為4.5歲，以男生的比率較多，因孩童的耳咽管又短又平，較容易引發中耳積水。,唇顎裂的孩童是原發後天性膽脂瘤的高危險群,中耳負壓、耳咽管功能不佳持續收縮、中耳積水等造成耳膜內凹，較容易引發珍珠瘤",耳鼻喉科,耳
耳鼻喉科,扁桃腺癌,"單側脖子腫大,單側喉嚨疼痛,吃東西感到無味,單側耳朵疼痛,單側耳鳴,吞嚥困難,張口困難,吞嚥時異物感、頸部腫脹疼痛、口腔潰瘍,扁桃腺腫脹",惡性腫瘤淋巴腺轉移,"菸、酒、檳榔接觸史,有不安全的性生活、得過人類乳突病毒感染者,男性發病機率大於女性",耳鼻喉科、血液腫瘤科,頭頸部扁桃腺
耳鼻喉科,突發性耳聾,"聽力損失,耳鳴,耳悶,部分合併眩暈","聽力損失,耳鳴,眩暈","可以發生在任何年齡的人身上，男女相當。但常見發病年齡大多在 40至60 歲。,血液循環有問題的患者。",耳鼻喉科,耳朵
耳鼻喉科,舌癌,"紅斑,白斑,菜花型腫塊,疣型腫塊,疼痛,吞嚥困難,出血,麻木感,舌部運動困難,潰瘍或傷口長期不癒","頸部淋巴轉移,口腔大量出血,死亡","吃檳榔者,抽菸者,飲酒者,常吃過燙食物者,佩戴不適合之假牙者、長期不佳的牙齒狀況",耳鼻喉科、口腔外科、腫瘤科,口腔
耳鼻喉科,喉癌,"聲音沙啞（持續兩週以上）,咳嗽,痰中帶血,分泌物增加,呼吸困難,吞嚥疼痛,喉嚨痛","頸部淋巴轉移,死亡","60-80歲男性,好吸菸者,好飲酒者",耳鼻喉科、血液腫瘤科,口腔
過敏・免疫與血液疾病,氣喘,"咳嗽,呼吸聲音很大,呼吸急促,胸悶,呼吸困難,夜咳,喘鳴","肺氣腫,氣胸,呼吸衰竭,猝死,肺水腫,慢性阻塞性肺炎","家族有氣喘病史者或過敏者。,自童年即有呼吸道症狀者。,有過敏性鼻炎或異位性皮膚炎者。",呼吸胸腔科,"氣管,胸部"
過敏・免疫與血液疾病,過敏,"打噴嚏,鼻癢,鼻塞,流鼻水,流眼淚,眼睛癢,眼睛紅,皮膚癢,起疹,紅腫,咳嗽,氣喘,胸悶,嘔吐,腹悶,腹瀉,發燒,頭痛,倦怠,睡眠品質差,呼吸有雜音,呼吸困難,心跳急速加快,胃痙攣,腸絞痛","皮膚苔蘚化,分心症,咳嗽,血管性水腫,休克","父母親一人以上帶有過敏病史，因遺傳而有過敏體質的人。,居住或工作場所需長時間仰賴密閉空調者。,身處都會區的人，由於空氣汙染嚴重，人口和大樓密集，環境髒亂，潛藏更多過敏原。","風濕過敏免疫科,家醫科,皮膚科,小兒科,眼科,耳鼻喉科","免疫系統,上呼吸道,眼睛,皮膚,胃腸道"
過敏・免疫與血液疾病,過敏性鼻炎,"打噴嚏,眼睛癢,耳朵癢,鼻塞,流鼻涕,鼻涕倒流,頭暈,注意力無法集中,黑眼圈","鼻竇炎,睡眠障礙,失眠,中耳炎,哮喘,嗅覺異常,腦膿瘍","過敏性體質者。,雙親為過敏性鼻炎患者。","耳鼻喉科,家醫科",鼻
過敏・免疫與血液疾病,異位性皮膚炎,"皮膚乾燥,皮膚敏感,搔癢,紅疹,丘疹,脫屑,關節部皮膚增厚,皮膚變粗,破皮,滲出體液,水泡,結痂,毛孔角質化","過敏性氣喘,過敏性鼻炎,尋常性魚鱗癬,皮膚苔蘚病變,紅皮症,富貴手,白內障,金黃色葡萄球菌感染,疱疹病毒感染,慢性濕疹,皮膚病變,毛囊炎","帶有異位性體質的人，在個人或家族成員裡，已有相關病史，例如罹患氣喘、過敏性鼻炎、或異位性皮膚炎等疾病。,細胞免疫功能本身有缺陷者。,身處過熱或乾燥環境的人。,長期情緒壓力過大，容易感到焦躁的人。","皮膚科,風濕過敏免疫科",皮膚
過敏・免疫與血液疾病,痛風,"急性關節炎,腳大姆指關節（或其它關節）紅腫及灼熱劇烈疼痛,多個關節發炎,關節僵直,關節變形,腎臟或軟組織內結石","高血壓,心肌梗塞,心臟病,腦梗塞,泌尿系統結石,腎病變,尿毒症,腦中風,心血管疾病","男性,肥胖,40歲以上,停經婦女,代謝異常,有痛風家族史,酗酒,腎功能不全,高血壓,進食過多富含嘌呤的食物,接觸環境中的鉛,接受過器官移植",風濕免疫科,四肢
過敏・免疫與血液疾病,蕁麻疹,"皮膚充血,皮膚發紅,局部水腫,皮疹,團塊,皮膚發炎,皮膚搔癢,膨疹,組織液滲透,紅斑,紅腫,全身不適,腹痛,腹瀉,頭痛,高燒,畏寒,乏力,血壓下降,關節痛","膿皮病,局部淋巴結腫大,血壓下降,休克,窒息","過敏體質者。,基因中或家族裡有蕁麻疹病史的人。,感染特殊病毒或細菌，例如肝炎病毒、金黃色葡萄球菌、真菌、蛔蟲等的人。,具有慢性腸胃疾病、代謝功能欠佳的人。,內分泌失調者。,一次吃進過多的海鮮又同時大量飲酒的人。,讓皮膚處在溫度過冷或過熱（包含體溫）的人。,壓力過大的人。,風溼病患者。,吸食或注射毒品者，引發蕁麻疹的風險較一般人高。","皮膚科,家醫科,風濕過敏免疫科",皮膚
過敏・免疫與血液疾病,"乾癬（銀屑病,牛皮癬）","紅斑,丘疹,脫屑,搔癢,紅色薄膜,點狀出血,乾裂,疼痛,乾癢","貧血,類風濕性關節炎,關節病變,關節變形蜂窩性組織炎,憂鬱症,心肌梗塞,糖尿病","家族中有乾癬病史的人。,生活作息不正常、壓力大、免疫功能不佳者。,內分泌嚴重失調者。,介於二十至三十歲的年輕男性、以及六十多歲的年長男性。女性也會發病，但機率少於男性。","皮膚科,家醫科","皮膚,關節"
過敏・免疫與血液疾病,敗血症,"發燒,寒顫,心跳過快,抽筋,呼吸急促,心跳加快,意識改變,低血壓,呼吸性鹼中毒,體溫過低,白血球異常,腹痛,咳嗽,喘,食欲不振,噁心嘔吐,腹脹,肌肉痛,關節痛,皮疹","多重器官衰竭,急性肺部損傷,腎功能衰竭,死亡","新生兒及老年人為好發族群，因該族群免疫力較弱。,加護病房的重症病患，因其免疫力低下。,接受化學治療的腫瘤病患，因其白血球減少、抵抗力變弱，容易讓病原菌入侵身體而併發感染。,燒燙傷、車禍、槍傷等遭受嚴重外傷者。,愛滋病、酒精中毒、接受免疫抑制劑治療等免疫機能低下者。,糖尿病、肝硬化、慢性腎衰竭等慢性疾病者。,感染肺炎鏈球菌者，可能併發嚴重敗血症，甚至敗血性休克。",感染科,血液
過敏・免疫與血液疾病,皮膚過敏,"皮膚過敏,發癢,患部紅腫,泛紅,乾屑,脫皮,水皰,病灶結痂,滲出體液,皮疹,色素沉澱,毛孔粗大,粉刺,青春痘,色斑,老化皺紋","打噴嚏,流鼻水,流眼淚,胸口緊繃,胸部麻木,胸部腫脹,氣管腫脹,呼吸道阻塞,過敏性休克,心悸","與基因有關，本身就是敏感性膚質的人、或體質較敏感的人。,年長者。年齡增長是肌膚變敏感的重要因素之一，隨著年齡的增長，覆在皮膚表面有一層弱酸性的皮脂膜會比較不如年輕時健康，以至於一些致敏物質容易入侵皮膚，造成過敏。,經常塗抹化妝品、對化妝品敏感的女性。,從事特殊職業，必須經常接觸藥物、化學劑、花粉、粉塵、寵物者。,長期暴露或生活在強烈日照、紫外線、紅外線、煙霧、空氣汙染等環境中的人，都比較容易引發皮膚過敏。,內分泌紊亂者，肌膚的自我修護功能較差。,長期處於壓力、精神緊張或情緒低落的人。","皮膚科,家醫科,風溼過敏免疫科",皮膚
過敏・免疫與血液疾病,類風濕性關節炎,"倦怠虛弱,精神不濟,食慾不振,體重減輕,關節紅腫熱痛,晨僵現象關節僵硬,關節變形,肌肉萎縮,皮下結節,類風濕結節,發燒,肌腱炎,肌腱斷裂,滑膜炎",乾眼症,"40歲以上中壯年族群，女性較男性易罹患此病（男女比例約為1：3）。,白種人較黃種人的盛行率為高。,有類風濕性關節炎家族史者，罹病機率會增加。,吸菸者是已知的環境誘發因子。",風濕過敏免疫科,"四肢周邊關節,肌肉,肌腱,皮膚,眼睛,心臟,肺臟,血管,神經"
過敏・免疫與血液疾病,口瘡,"唇破,舌破,頰內潰爛,牙齦紅腫,進食痛,灼熱感,口乾舌燥","口腔炎,口腔癌,扁平苔癬症,貝歇氏病,潰瘍性結腸炎","生活壓力大，情緒緊張，過度疲勞，經常熬夜睡眠不足的人。,本身體質較虛弱，免疫力缺乏者。,營養不均衡的人，尤其缺乏維生素B12、鐵、葉酸。,飲食習慣嗜吃刺激性食物的人，如燒烤類、油炸類、豆類、巧克力、洋芋片、麻辣鍋等，或吃太多熱性（上火）食物的人，如龍眼、荔枝、榴槤、釋迦、蒜等，以及愛吸菸喝酒的人。,內分泌失調者，例如生理期來之前一週內的女性及更年期婦女，因為體內荷爾蒙的變化很容易誘發口瘡。","家醫科,耳鼻喉科,牙科,風濕過敏免疫科",口腔
過敏・免疫與血液疾病,脂漏性皮膚炎,"皮膚出油,皮膚乾燥,發癢,發紅,發炎,脫屑,乾屑,紅斑,出疹,黃色皮鱗屑,黃褐色結痂,搔癢,破皮糜爛,掉髮,頭皮油垢","禿髮,酒糟紅臉症,頭皮屑,青春痘,毛囊炎,異位性皮膚炎","週歲以下的新生兒，由於剛出生的皮脂腺活動分泌較為旺盛，因此發病率也高。,30～60歲的中年人，臨床上男性多於女性。,雙親其中患有脂漏性皮膚炎，遺傳至下一代的體質將有較高的發病率。,內外因素導致內分泌失調者，例如長期生活作息不規律、熬夜、工作壓力過大、或女性經期症候群等。,肌膚代謝紊亂者，易使表皮原本共存的皮屑芽孢菌（黴菌）等大量滋生，進而引起發炎。,皮膚受外部化學刺激，如使用刺激性的染燙劑、造型、清潔、護膚用品的人。,飲食習慣不佳者，如愛吃高熱量、高油脂或刺激性的食物，及缺乏維生素B2或B6的人。,過度使用熱水洗臉，蒸臉，三溫暖等。,免疫功能不佳者，皮膚抵抗力較差的族群，如洗腎及愛滋病患等。,其他如老年人或中風、維生素B2或B6缺乏、帕金森氏症、心血管疾病等。",皮膚科,皮膚
過敏・免疫與血液疾病,酒糟性皮膚炎,"紅臉,紅鼻子,搔癢,刺痛,灼熱,紅色丘疹,膿皰,眼睛乾澀,紅眼,結膜發炎,眼皮發炎,畏光,局部纖維化,軟組織增生,皮膚凹凸不平","鼻腫瘤痘痘,類固醇皮膚炎","十到二十幾歲的年輕男女，特別是皮膚白皙的女性發病率最高。,遺傳體質屬酒糟肌膚，也就是表層血管對於熱相當敏感的人。,內分泌嚴重失調，作息日夜顛倒的人。,長期嗜吃辛辣食物與愛喝酒的人。",皮膚科,"皮膚,臉"
過敏・免疫與血液疾病,汗疱疹,"起水泡,騷癢,紅腫,破皮,脫屑,結痂,刺痛","皮膚苔蘚化,蜂窩性組織炎,淋巴管腺炎,細菌感染","本身帶有過敏基因或體質溼熱，及罹患異位性皮膚炎、香港腳等皮膚病的人。,經常處於高溫悶溼的環境下，或受強烈日光照射刺激的人。,情緒不穩定、壓力過大，內分泌嚴重失調的人。,反覆接觸水及化學溶劑的人，例如清潔劑、亮光劑、髮膠、洗髮精等，甚至是含香精的肥皂。,對特定金屬過敏的人，攝食過多含鎳、鈷、鉻的食物，像是馬鈴薯、豆科食物、肝臟、堅果、扇貝、麵粉、洋蔥、香菇等。",皮膚科,"皮膚,手部,腳部"
過敏・免疫與血液疾病,僵直性脊椎炎,"下背痛,臀部酸痛,胸痛,晨僵,疲勞,體重減輕,手指腳趾腫脹疼痛,運動範圍受限,肌腱或韌帶與骨骼交接處發炎,上下肢關節炎,眼睛紅痛,視力模糊,畏光,駝背",葡萄膜炎,"男性較女性易罹患此病，男女比例約為3：1。,20～40歲的青壯年族群。,有僵直性脊椎炎家族史者，罹病機率會增加。",風濕過敏免疫科,"脊椎,薦腸骨關節,脊椎周邊肌腱韌帶"
過敏・免疫與血液疾病,血癌（白血病）,"貧血,皮膚點狀出血,皮膚青腫,發燒,淋巴結腫大,骨頭疼痛,關節痛,牙齦腫脹,肝脾腫大,頭痛,嘔吐,心包膜積水,肋膜腔積水,心臟衰竭,呼吸困難,心跳加快,有倦怠感,體重減輕,帶狀皰疹,肺炎","癌細胞轉移（淋巴結、脾藏、肝藏、中樞神經系統）,腦出血昏迷,腸胃道大出血休克,敗血症,心肺衰竭","家族病史有血癌者。,長期接觸有機苯的工人。,曾接受過放射治療或化學治療的病人。,急性淋巴球性白血病好發於10歲以下兒童、急性骨髓性白血病好發於成年人，約75％新診斷病人大於60歲、慢性淋巴球性白血病好發於50歲以上中老年人。",血液腫瘤科,血液
過敏・免疫與血液疾病,全身型膿疱性乾癬（GPP）,"黃色無菌膿皰,發燒,脫皮,發紅,疼痛,灼痛,發癢,疲勞,關節疼痛,白血球數量增多","呼吸衰竭,心臟衰竭,脫水,敗血症","40-59歲的成人或孩童,精神壓力,低副甲狀腺素,懷孕",皮膚科,皮膚、關節
過敏・免疫與血液疾病,高血脂,"血濁,黃色瘤,黃斑瘤,頭暈,目眩,胸悶,嗜睡,心悸,頭痛,氣短,乏力,手腳麻木","高血壓,糖尿病,甲狀腺機能低下,腦血管疾病,腦中風,動脈硬化,動脈瘤,冠狀動脈心臟病,心絞痛,心肌梗塞,急性胰臟炎,急性膽囊炎,腎臟病,尿毒症,四肢末稍壞死症,猝死","四十歲以上、體重過重者。,家族中已有高血脂病史、先天性基因缺陷的人。,飲食習慣方面，經常攝取過多高膽固醇或高糖分的人，例如肉食主義者、愛吃肥肉、高油脂、炸物、動物內臟、蛋黃、奶製品、有殼海鮮及精緻甜點等食品。,長期過量飲酒與吸菸的人。,經常光顧吃到飽餐廳，導致總熱量攝取過多的人。,長期缺乏運動者。,長期生活緊張、工作壓力過大的人。","代謝內分泌科,心臟血管科,家醫科",血液
過敏・免疫與血液疾病,皮肌炎,"皮疹,肌肉無力,體重減輕,發燒","鈣質沉著,肺部感染,心血管疾病",好發於40-50歲，但小孩或成人皆有可能罹病。,風濕免疫科,眼部、口部、皮膚、關節
過敏・免疫與血液疾病,風濕熱,"關節紅腫熱痛,關節僵硬,環形紅斑,身體發熱","心肌炎,風濕性心臟病",A族溶血性鏈球菌的易感族群為5~15歲的孩童，因此風濕熱也好發於此年齡層。,風濕過敏免疫科,"肌肉,肌腱,韌帶,關節"
過敏・免疫與血液疾病,硬皮病,"手指出現白、藍、紅色,皮膚腫脹緊繃,皮膚緊縮硬化,皮膚纖維化,手指末端蒼白,手指變硬,關節疼痛,手指／腳趾過度痙孿收縮,嘴唇變薄,張口幅度變小,消化道硬化,吞嚥困難,呼吸困難,乾咳","肺間質性肺炎,肺纖維化,下肢水腫,肺高壓,心肺衰竭,急性腎衰竭,皮膚潰瘍,心律不整",null,過敏免疫風濕內科,全身
過敏・免疫與血液疾病,天疱瘡,"1. 尋常型天疱瘡：早期病灶為清澈小水皰，突然出現於外觀正常的皮膚，水皰約1cm大小，且水皰頂端很薄、極易破裂。通常病灶最早出現在病人口腔黏膜，其次侵犯頭皮、鼠蹊部及摩擦部位，女性病人外陰及陰道也可能出現，若未妥善治療，晚期可波及至全身。
2. 增殖型天疱瘡：水皰好發於摩擦部位，如腹股溝、手肘，以及面部及頭皮。臨床除了水皰外，還有糜爛處呈乳頭狀增殖，因滲出液及皮膚上厚痂產生，易有惡臭。
3. 落葉型天疱瘡：水皰不易發現，但脫屑結痂性糜爛的病兆周圍繞著紅斑。早期病灶好發於皮脂腺旺盛部位，如頭皮、面部、軀幹上半身等處，外觀類似嚴重的脂漏性溼疹。因臨床早期呈現水皰外，另有大片葉狀脫屑，故有落葉天疱瘡之名。嚴重者可呈現剝落性紅皮症。日光或高溫可導致惡化。與尋常天疱瘡不同處在於，即使病灶波及全身，卻很少侵犯黏膜。
4. 紅斑型天疱瘡：臨床呈現脫屑及痂皮病灶，好發於面頰及皮脂旺盛區域。本病可持續穩定多年或演變為廣泛型落葉天疱瘡。",若沒有及時治療，當引發全身性天疱瘡時，會有全身燙傷脫皮，容易血漿流失及受細菌感染，大面積脫皮還需住燒燙傷病房換藥治療，嚴重者會有繼發性感染，甚至死亡，一年內死亡率高達75%。,null,皮膚科、免疫風濕科,皮膚
過敏・免疫與血液疾病,乾燥症（休葛蘭氏症候群）,"眼部乾燥,口部乾燥,皮膚乾燥,頭髮乾燥,氣管乾燥,陰道乾燥,視力受損,倦怠,發燒,畏寒,體重減輕,關節痛,關節僵硬,肌肉痛,肌肉無力,掉髮,紅斑,雷諾氏現象,水腫,腹痛,皮膚疹,憂鬱","關節炎,間質性肺炎","更年期後的女性（40-60歲）。,男性、年輕女性、小孩也有發病的可能性。",風濕免疫科,眼部、口部、皮膚、關節
過敏・免疫與血液疾病,紅斑性狼瘡（SLE）,"倦怠,發燒,畏寒,體重減輕,關節痛,關節僵硬,肌肉痛,肌肉無力,掉髮,紅斑,雷諾氏現象,水腫,腹痛,皮膚疹,憂鬱,噁心,嘔吐,蛋白尿,血尿","腎絲球腎炎,腎病症候群,慢性腎臟病,腎衰竭,貧血,白血球減少,血小板減少,血栓,全身抽搐,精神異常,頭痛,神經病變,心包膜炎,心內膜炎,肋膜炎,肋膜積水,肺炎,口腔潰瘍,關節炎,乾眼症","生育期育齡婦女（年齡20至40歲）。,家族有紅斑性狼瘡病史者。,有色人種（如黑人、東方人）好發情形較白人族群為高。","風濕過敏免疫科,骨科",免疫系統
過敏・免疫與血液疾病,貝西氏症,"反覆的口腔潰瘍,腸胃出血,腹痛,腹腔膿瘍,血便,腸穿孔,腸道廔管,腦膜炎,中風,丘疹,紅斑/痤瘡樣結節,化膿性血管炎,血栓,血管瘤,生殖器潰瘍,眼部葡萄膜炎,視網膜血管炎",貝西氏症的併發症因人而異，與患者身上出現何種症狀有關。舉例而言，葡萄膜炎的患者，可能出現視力減退甚至是失明的併發症，因此貝西氏症患者若有眼睛相關症狀者，應提高警覺，若有症狀必須馬上到眼科治療，且定期至眼科接受追蹤檢查。,"平均發病年齡為20-30歲,男性發病率高於女性,居住於中東及東亞國家者（土耳其、伊朗、日本、中國）",免疫風濕科,全身
過敏・免疫與血液疾病,雷德氏症候群,"關節腫脹,關節發熱,香腸指／趾,尿道炎,前列腺炎,結膜炎,葡萄膜炎,虹膜炎,外鞏膜炎,角膜潰瘍,滲出性皮膚角質增生,口炎,環形陰莖炎,漩渦狀龜頭炎,下背痛","薦腸關節的病變,膿漏性角皮病","20-30歲之青壯年,男性患病比例為女性的5倍,有家族遺傳病史者",內科、免疫風濕科,全身
過敏・免疫與血液疾病,缺鐵性貧血,"體力虛弱,易疲倦,噁心,食慾不佳,頭暈,頭痛,心悸,呼吸困難,嗜睡,皮膚與黏膜蒼白,心臟擴大","心臟擴大,心衰竭","19至44歲的育齡期婦女，經期過長、經血過多者。,胃潰瘍、胃腸道癌症、痔瘡、子宮肌腫或子宮癌等長期性（慢性）出血患者。,長年吃素食者或飲用茶、咖啡過量者。,極度營養不均衡者。",內科、血液腫瘤科,血液
過敏・免疫與血液疾病,葡萄膜炎,"早期葡萄膜炎症狀通常會很迅速，常見的症狀包括：,眼睛發紅：前葡萄膜炎最為常見。,眼睛疼痛：各種葡萄膜炎都有機會出現。,視力模糊：各種葡萄膜炎都會出現。,飛蚊症：眼睛出現漂浮物，視野中的小黑點或波浪線，中段部葡萄膜炎常見。,對光敏感：各種葡萄膜炎都有機會出現。,如果您出現以上這些症狀，請立即去看眼科醫生。如果不治療，葡萄膜炎有可能會導致視力喪失。",失明：失明是葡萄膜炎最嚴重的併發症，葡萄膜炎必須是引起全萄膜炎才容易導致這種嚴重的情況。此時可能是由黃斑部水腫、青光眼、白內障和視網膜剝離等嚴重眼科疾病引發，嚴重威脅病人的視力。,null,"眼科,有滿多葡萄膜炎是由自己免疫疾病引起，有時也需要看風濕免疫科",眼、葡萄膜
過敏・免疫與血液疾病,鞏膜炎,"前鞏膜炎症狀：病人會感到有眼睛出現明顯的疼痛，並且眼睛的疼痛會放射到眼部周圍，有出現有畏光、流淚不止和按壓眼球感覺明顯疼痛等症狀。,後鞏膜炎症狀：症狀相對前鞏膜炎較不明顯，臨床觀察到的症狀有為程度不一的眼睛疼痛、視力減退、眼睛發紅和眼睛出現壓痛，眼瞼或結膜水腫，眼球輕度突出，嚴重時會影響到眼球運動受限與看物體出現重影的問題。",鞏膜炎可以引發視力受損和眼球損傷的併發症，常見的疾病有葡萄膜炎、角膜潰瘍、青光眼、白內障等；其中尤其以壞死性鞏膜炎最容易發生發生。,"自體免疫相關的疾病，尤其是類風濕性關節炎、結節型多發性動脈炎、紅斑性狼瘡、復發型多發性軟骨炎、韋格納氏肉芽腫等疾病。,結核病與梅毒病人,脈絡膜黑色素瘤和結膜腫瘤病人",眼科,眼、鞏膜
過敏・免疫與血液疾病,過敏性結膜炎,"一般過敏性結膜炎多有以下症狀：,眼睛相關的症狀：病人可能出現眼睛乾癢、覺得眼睛有燒灼感或異物感、一直流眼淚、眼睛的分泌物（眼屎顯著增加 比較偏水漾分泌物）。,結膜相關的症狀：病人可能眼睛或有明顯的紅腫、眼瞼下的結膜顯著水腫與充血，少數病人結膜上會出現明顯的乳突，是較為嚴重的症狀。,少數情況，還會造成角膜的傷害，此時病人可能會出現以下症狀，此時需要進一步就醫釐清：,視力模糊,眼睛畏光",角膜炎：免疫相關過敏性結膜炎中的異位性角膜結膜炎、春季型角結膜炎和乳突結膜炎是少數有可能從結膜影響到角膜的情況，嚴重時會影響視力。如果發現病人結膜明顯紅腫，周圍伴隨明顯的濕疹產生，或眼睛分泌出濃稠的分泌物時，應立即就醫。,"過敏體質：常伴隨異位性皮膚炎、氣喘、過敏性鼻炎等過敏相關疾病，尤其好發於15歲到50歲間，根據國外研究病人當中有95%發現異位性皮膚炎，有87%發現氣喘。,春季角結膜炎的好發族群較為特別：常見於 5-20 歲的年輕男性，發病高峰期是11-13 歲，男性病人是女性的兩倍，好發跟特定的地理區域有關，常見於溫暖和乾燥的地區，冬季相較不容易出現過敏反應，仍有可能在冬季復發。",眼科、風濕免疫科,眼睛、結膜、及少數影響角膜
牙科,牙周病,"口臭,牙齦萎縮,牙齦出血,牙齦紅腫,牙齒搖動,牙齒脫落,牙齒外觀變長,牙齒位置偏移,咬合無力,咀嚼無力,牙縫變大,牙根暴露,吃冷、熱食敏感","菌血症,心內膜炎,心肌梗塞,腦中風,流產,早產,新生兒體重過輕,糖尿病,呼吸道疾病,以上有已文獻報告，但有待更多的實證","35歲以上的中壯年人口。,有吸菸習慣者。,口腔狀況不佳者，如牙齒排列不齊、牙齒有過多或缺損的充填補綴物。,口腔衛生習慣不良者。,糖尿病病患。患者因身體免疫系統改變，損害牙周組織的癒合機制，提高牙周病的發病率。,裝戴假牙特別是人工牙冠（牙套）者，可能因牙齒清潔不易，常導致牙周病。,懷孕或服用口服避孕藥的女性，因體內荷爾蒙改變及進食次數增多，口腔病菌數增加，較易導致牙周病。,長期服用類固醇、抗癲癇藥物、癌症治療藥物的人。,飲食習慣不佳、營養不均衡或偏食者。",牙科,"牙齒,牙周組織"
牙科,口臭,"嘴臭,嘴苦,口乾舌燥,髮乾,牙齦腫痛,發燒,舌苔,腸胃脹氣,消化不良,胸悶,便祕,頻尿,胃痛,煩躁,失眠,疲倦","牙周病,齲齒,口瘡,牙齦炎,疱疹性牙齦口腔炎,慢性鼻竇炎,急慢性胃炎,胃潰瘍,腸炎,十二指腸潰瘍,反胃性食道炎,幽門螺旋桿菌感染,肝炎,慢性支氣管炎,支氣管腫瘤,肺結核,痔瘡,糖尿病,胃癌","有口腔相關疾病或問題的人，如慢性牙周病、牙齦炎、蛀牙、口內炎、舌炎等患者，或口腔衛生習慣不佳，不喜刷牙、戴不潔淨的假牙、牙套者。,患有全身性疾病的人，與新陳代謝或內分泌方面有關，如糖尿病、腎臟病、肝臟病患者；或正值生理期及更年期的女性。,有腸胃疾病、消化系統方面問題的人，如長期便祕、胃潰瘍、胃食道逆流、腸胃炎、胃出血、胃癌、及感染幽門螺旋桿菌。,有呼吸道方面問題的人，包括：慢性支氣管炎、支氣管腫瘤、鼻子過敏、鼻竇炎、鼻涕倒流者。,口腔唾液腺功能不佳者，口水分泌過少易使細菌累積滋生造成口臭。如高齡者唾液腺衰退，或接受化療的癌症患者唾液腺功能受抑制。或常服用某些特殊藥物如抗組織胺、抗巴金森疾病藥物、化療藥物、利尿劑、安非他命等，也易引發口臭。,經常吸菸、喝酒、或嚼食檳榔的人。,大量攝食口味重的刺激性食物者，如大蒜、洋蔥、韭菜、醃燻肉類等。,長期處於高壓力狀態、情緒不佳的人。","家醫科,牙科,胃腸肝膽科",口腔
牙科,齲齒（蛀牙）,"牙齒變黑形成窩洞,牙齒酸痛,吃冷、熱食敏感,刷牙敏感,吃甜食敏感,牙齦紅腫","牙髓炎,牙齦炎,齒槽骨發炎,牙周炎,蜂窩性組織炎,腦膜炎,菌血症","12歲以下孩童。又以5~6歲的兒童齲齒率最高。,牙齒排列不齊者，容易因清潔不易而導致蛀牙。,口腔清潔習慣不良者（沒有刷牙或刷牙方式錯誤）。,不注重口腔衛生者（沒有定期清除牙結石及檢查牙齒）。,矯正牙齒期間的病患。因矯正器容易使食物殘渣堆積，且有清潔死角，提高蛀牙的機率。,患有免疫系統疾病的人，如類風濕性關節炎、紅斑性狼瘡等。,糖尿病病人。患者可能因為口水分泌較少，使牙菌斑容易堆積，提高蛀牙的機率。,接受過化療及放療者，尤其是鼻咽癌及口腔癌患者。,身心障礙者。",牙科,"牙齒,牙冠,牙根"
牙科,牙齦炎,"牙齦紅腫,牙齦出血,牙齦脹痛,牙齒鬆脫,發燒,口臭,臉部腫脹,若不經治療，會惡化成牙周炎，使牙周骨破壞，造成牙齦萎縮",牙周病蜂窩性組織炎,"有吸菸習慣者。因菸品中的尼古丁會降低牙周組織的癒合能力。,口腔狀況不佳者，如牙齒排列不齊、牙齒有過多或缺損的填補物。,口腔衛生習慣不良者，如睡前沒有刷牙、無定期清潔牙結石、刷牙方式不正確等。,糖尿病病患。患者因身體免疫系統變化，抵抗力下降，細菌侵犯後難以自我痊癒。,裝戴假牙者，因牙齒清潔不易，容易導致牙齦炎。,懷孕或服用口服避孕藥的女性。孕婦因體內荷爾蒙改變，容易對牙菌斑過敏，導致妊娠期牙齦炎。,矯正牙齒期間的病人。因矯正器容易使食物殘渣堆積，且有清潔死角，細菌不斷堆積後就可能導致牙齦炎。,長期服用類固醇、抗癲癇藥物、癌症治療藥物的人。",牙科,"牙齦,牙肉"
牙科,口瘡,"唇破,舌破,頰內潰爛,牙齦紅腫,進食痛,灼熱感,口乾舌燥","口腔炎,口腔癌,扁平苔癬症,貝歇氏病,潰瘍性結腸炎","生活壓力大，情緒緊張，過度疲勞，經常熬夜睡眠不足的人。,本身體質較虛弱，免疫力缺乏者。,營養不均衡的人，尤其缺乏維生素B12、鐵、葉酸。,飲食習慣嗜吃刺激性食物的人，如燒烤類、油炸類、豆類、巧克力、洋芋片、麻辣鍋等，或吃太多熱性（上火）食物的人，如龍眼、荔枝、榴槤、釋迦、蒜等，以及愛吸菸喝酒的人。,內分泌失調者，例如生理期來之前一週內的女性及更年期婦女，因為體內荷爾蒙的變化很容易誘發口瘡。","家醫科,耳鼻喉科,牙科,風濕過敏免疫科",口腔
牙科,口腔扁平苔蘚,"口腔黏膜白色條紋,口腔黏膜網狀斑塊,口腔黏膜潰瘍,口腔黏膜疼痛出血,牙齦發炎紅腫","口腔癌,續發性口腔黴菌感染,憂鬱症,營養不良,體重下降","中年婦女,免疫力低下者,服用特定藥物者，如：降血壓、降血糖藥物",牙科、口腔顎面外科、口腔內科、耳鼻喉科,口腔
牙科,口腔黏膜白斑症,"頰黏膜白斑,舌白斑,牙齦白斑,唇黏膜白斑,病灶外觀呈白色或灰白色的斑塊，分布在口內頰黏膜、舌表面與舌側緣，而唇黏膜、牙齦、口底、腭部、嘴角內側（唇聯合）等處亦可能出現。此異樣斑塊無法以擦拭法刮除，臨床上患者一開始並無自覺感，後來以舌尖碰處該處黏膜會有粗糙感，少數會對辛辣和刺激性的食物逐漸變敏感","口腔癌,口腔黏膜紅斑症","長期有不良口腔習慣的人，如老菸槍、檳榔族、酒癮者。,長期遭受口內外傷刺激的人，如假牙、銳牙、問題智齒或齲齒造成黏膜反覆受創（外觀雖如白斑，但診斷名為「磨擦性角質病」)。,臨床病例以40歲以上男性居多。","牙科,耳鼻喉科",口腔（口腔黏膜）
牙科,口腔黏膜下纖維化症,"口腔黏膜泛白,硬化失去彈性,有時會起水泡/潰瘍，或有纖維化帶,張口困難,進食困難,吞嚥困難,對辣味食物敏感、疼痛,味覺減退,口乾,耳痛,喉痛,鼻音","口腔黏膜白斑症,口腔黏膜紅斑症,疣狀增生,失聰,口腔癌,鱗狀細胞癌,疣狀癌",現在或曾經嚼食檳榔的人。口腔黏膜下纖維化症患者百分之百都有吃檳榔的習慣；而嚼食檳榔的人，罹患口腔黏膜下纖維化症的機率比罹患口腔癌更高。,"牙科,耳鼻喉科",口腔（口腔黏膜）
牙科,疱疹性牙齦口腔炎,"口腔破皮,口腔潰瘍,發高燒,流口水,食慾差,躁動不安,起水泡,牙齦腫脹,牙齦糜爛,出血,口臭,吞嚥劇痛,無法進食,便祕,脫水","上呼吸道症候群,淋巴腺炎,疱疹性指頭炎,疱疹唇炎","五歲以下孩童，尤以六個月至兩歲間的嬰幼兒居多。,家中已有罹病幼兒，年齡相近的兄弟姊妹均可能遭傳染。,家中大人已有嘴破、感冒、流感等症狀，小孩受感染病發疱疹性牙齦口腔炎的可能性極高。,免疫功能不佳者。","小兒科,耳鼻喉科",口腔
牙科,植體周圍炎,"植體區發炎,牙肉紅腫疼痛,刷牙流血,化膿,植體搖晃,齒槽骨萎縮,植體脫落","牙結石,菌血症,鄰接的自然齒之牙周炎","曾做過植牙的人，之後卻沒做足口腔的清潔保健，也不定期回診追蹤。,曾做過植牙的人，本身健康狀況不佳，如合併罹患牙周病、糖尿病等。,具抽菸或嚼檳榔習慣的人，亦有較高因植體周圍炎導致的植體失敗率。",牙科,"牙齒,口腔"
牙科,牙髓炎,"劇烈牙痛,牙齒抽痛,牙齒酸痛,吃冷熱食敏感,刷牙敏感,吃酸、甜食物敏感,牙齦紅腫,臉部腫脹,發燒,發冷,夜間睡眠時的自發性牙痛","蜂窩性組織炎,牙根尖膿腫,根尖牙周炎,菌血症","嚴重蛀牙的患者。當細菌持續往內侵入到牙髓組織，便會形成牙髓炎。,牙周炎患者。若細菌逆行性侵犯到牙髓腔，亦可能引發牙髓炎。,矯正牙齒期間的病患。因矯正器容易使食物殘渣堆積，且有清潔死角，容易導致蛀牙，進一步引發牙髓炎。",牙科,牙髓
皮膚,濕疹,"紅斑,水泡,破皮,糜爛,腫脹,痂皮,皮膚乾燥,皮膚增厚,皮膚變粗糙,皮膚帶有鱗屑或色素沈澱","焦慮,睡眠問題,皮膚感染,其他類型的濕疹,慢性搔癢的鱗狀皮膚","患有哮喘或花粉熱的兒童，以及在 30 歲之前出現這些疾病的成年人中更為常見。,有家族病史的人患濕疹的風險也更高。",皮膚科,皮膚
皮膚,皮膚病,"皮膚紅腫,皮膚發癢,不明原因皮膚痛,發疹,鱗屑,角質增生,水皰,膿,分泌物,皮膚硬塊,痂皮,皮膚顏色異變","斑禿,局部淋巴結炎,淋巴管炎,急性蜂窩組織炎,轉移性膿腫,敗血症","經常處於悶熱潮溼、易滋長細菌、黴菌或病毒等環境下的人。,個人抵抗力低、體質虛弱者。,接觸到已被感染的人。,個人衛生習慣不佳者。,免疫功能出問題，例如慢性病患或糖尿病患者。,帶有過敏體質基因者。,飲食習慣較不忌口者，導致消化不良、皮脂分泌過多，引發皮膚問題。,壓力過大，生活作息失調者。","皮膚科,美容中心,家醫科",皮膚
皮膚,異位性皮膚炎,"皮膚乾燥,皮膚敏感,搔癢,紅疹,丘疹,脫屑,關節部皮膚增厚,皮膚變粗,破皮,滲出體液,水泡,結痂,毛孔角質化","過敏性氣喘,過敏性鼻炎,尋常性魚鱗癬,皮膚苔蘚病變,紅皮症,富貴手,白內障,金黃色葡萄球菌感染,疱疹病毒感染,慢性濕疹,皮膚病變,毛囊炎","帶有異位性體質的人，在個人或家族成員裡，已有相關病史，例如罹患氣喘、過敏性鼻炎、或異位性皮膚炎等疾病。,細胞免疫功能本身有缺陷者。,身處過熱或乾燥環境的人。,長期情緒壓力過大，容易感到焦躁的人。","皮膚科,風濕過敏免疫科",皮膚
皮膚,蕁麻疹,"皮膚充血,皮膚發紅,局部水腫,皮疹,團塊,皮膚發炎,皮膚搔癢,膨疹,組織液滲透,紅斑,紅腫,全身不適,腹痛,腹瀉,頭痛,高燒,畏寒,乏力,血壓下降,關節痛","膿皮病,局部淋巴結腫大,血壓下降,休克,窒息","過敏體質者。,基因中或家族裡有蕁麻疹病史的人。,感染特殊病毒或細菌，例如肝炎病毒、金黃色葡萄球菌、真菌、蛔蟲等的人。,具有慢性腸胃疾病、代謝功能欠佳的人。,內分泌失調者。,一次吃進過多的海鮮又同時大量飲酒的人。,讓皮膚處在溫度過冷或過熱（包含體溫）的人。,壓力過大的人。,風溼病患者。,吸食或注射毒品者，引發蕁麻疹的風險較一般人高。","皮膚科,家醫科,風濕過敏免疫科",皮膚
皮膚,"乾癬（銀屑病,牛皮癬）","紅斑,丘疹,脫屑,搔癢,紅色薄膜,點狀出血,乾裂,疼痛,乾癢","貧血,類風濕性關節炎,關節病變,關節變形蜂窩性組織炎,憂鬱症,心肌梗塞,糖尿病","家族中有乾癬病史的人。,生活作息不正常、壓力大、免疫功能不佳者。,內分泌嚴重失調者。,介於二十至三十歲的年輕男性、以及六十多歲的年長男性。女性也會發病，但機率少於男性。","皮膚科,家醫科","皮膚,關節"
皮膚,皮膚過敏,"皮膚過敏,發癢,患部紅腫,泛紅,乾屑,脫皮,水皰,病灶結痂,滲出體液,皮疹,色素沉澱,毛孔粗大,粉刺,青春痘,色斑,老化皺紋","打噴嚏,流鼻水,流眼淚,胸口緊繃,胸部麻木,胸部腫脹,氣管腫脹,呼吸道阻塞,過敏性休克,心悸","與基因有關，本身就是敏感性膚質的人、或體質較敏感的人。,年長者。年齡增長是肌膚變敏感的重要因素之一，隨著年齡的增長，覆在皮膚表面有一層弱酸性的皮脂膜會比較不如年輕時健康，以至於一些致敏物質容易入侵皮膚，造成過敏。,經常塗抹化妝品、對化妝品敏感的女性。,從事特殊職業，必須經常接觸藥物、化學劑、花粉、粉塵、寵物者。,長期暴露或生活在強烈日照、紫外線、紅外線、煙霧、空氣汙染等環境中的人，都比較容易引發皮膚過敏。,內分泌紊亂者，肌膚的自我修護功能較差。,長期處於壓力、精神緊張或情緒低落的人。","皮膚科,家醫科,風溼過敏免疫科",皮膚
皮膚,脂肪瘤,"皮下腫塊,橘皮,間歇痛,吞嚥不易,呼吸困難,血便","術後大出血,巨頭畸形,淋巴管瘤,血管瘤,家族性腺瘤性息肉,硬纖維瘤,骨瘤,惡性腫瘤","本身體質特殊，部分染色體異變重組，或帶有遺傳因子，如家族中已有脂肪瘤患者的人。,曾受過嚴重外傷者，在皮膚癒合時容易刺激脂肪組織增生。,四十到六十歲之間的中年人。","皮膚科,一般外科",皮膚
皮膚,痤瘡（青春痘）,"粉刺,丘疹,膿皰,紅色硬凸狀結節,囊腫",蜂窩性組織炎,"十幾二十歲的青少年。,毛孔粗大，皮脂分泌旺盛，臉上較容易出油的人。,工作上容易接觸到大量油脂的人，如廚房工作者。,經常處在潮濕悶熱的環境下的工作者。,情緒壓力過大、情緒焦慮、睡眠不足常熬夜的人。,飲食習慣不良，喜好高熱量（如花生，巧克力…等）、油炸、甜食、或刺激辛辣的食物的人。,口服或外用副腎皮質荷爾蒙的人。,長期接觸工業用油、多氯聯苯的人。,多囊性卵巢症候群。",皮膚科,皮膚
皮膚,甲溝炎,"甲溝紅腫,脹痛,發炎,化膿,甲溝與指甲分開,指甲變形,指甲底下顏色變綠變黃,指甲內生,甲溝肉芽組織增生","慢性指骨骨髓炎,慢性軟組織竇道,膿性指頭炎,淋巴管炎,趾骨變形","職業為家庭主婦、廚師、洗衣工或酒保等，會經常需要碰水和清潔劑的人。,職業運動員，例如足球、排球、籃球球員或是競跑健將，容易讓腳趾過度承受外力衝撞，造成反覆性的外傷進而感染細菌。,愛吸咬手指、摳腳趾的人。,愛穿尖頭鞋或高跟鞋的人。鞋子如果前端過窄，易把腳趾的軟組織都擠在一起，長時間下來形成指甲倒插，引發甲溝炎。,指甲內生或指甲剪太短的人。,本身罹患乾癬、溼疹或凍瘡的人，手足部已有多處開放性小傷口，容易併發甲溝炎。","皮膚科,一般外科,整形外科","足部,手部"
皮膚,雞眼,"黃白色固狀硬塊,明顯壓痛,走路腳底痛,角質增生,表皮長繭",腳臭症,"愛穿高跟鞋或尖頭鞋的女性。,年長者，皮膚角質化會隨年齡增長而嚴重，發病機率高。,長時間需要站著工作及需要走很多路的人。,末梢血液循環較差者，如糖尿病患。",皮膚科,"厚繭,肉刺"
皮膚,粉瘤,"皮膚腫塊,觸壓具彈性,分泌物發炎,腫痛,刺痛,化膿,流膿,潰瘍,異味,角質鈣化,纖維化","身體組織變形,蜂窩性組織炎,敗血症,菌血症,筋膜炎,惡性腫瘤,皮膚癌","成年人，尤其30、40歲男性，男女比率為2：1。長時間接觸空氣的汙染，熬夜，或愛吃油膩、刺激性的食物。,天生屬油性膚質，容易長青春痘的人，也是粉瘤的好發族群。,男性抽菸者，誘發臉部表皮囊腫的機率較一般人高。,經常穿緊身褲的人，容易造成特殊部位的摩擦因而產生囊腫。,經常穿耳洞的人，讓皮膚接受多次的穿刺傷，也容易長表皮囊腫。","皮膚科,整形外科,一般外科",皮膚
皮膚,蟹足腫,"搔癢,刺痛,疼痛,壓痛,燒灼感","疼痛搔癢,耳朵變形,關節處可能造成關節攣縮","蟹足腫家族病史者,種族：亞裔、非裔",皮膚科、整形外科,全身
皮膚,皮膚癌,"皮膚不明腫塊,痣變大,痣變色,傷口久不癒合",癌細胞轉移（黑色素細胞癌可轉移到其他部位皮膚、皮下組織、淋巴結；最常轉移的器官是肺臟、肝臟、腦部、骨骼、腸道）。,"白色人種（美國白色人種比非裔深膚色人種得病率約10倍之多）。,患有慢性皮膚疾病之病患。,因工作需要必須長期接觸放射性物質、煤焦油、瀝青之工作者。,長期工作在陽光下的農民、漁民、野外工作者。,家族病史有皮膚癌者。","血液腫瘤科,皮膚科",皮膚
皮膚,脂漏性皮膚炎,"皮膚出油,皮膚乾燥,發癢,發紅,發炎,脫屑,乾屑,紅斑,出疹,黃色皮鱗屑,黃褐色結痂,搔癢,破皮糜爛,掉髮,頭皮油垢","禿髮,酒糟紅臉症,頭皮屑,青春痘,毛囊炎,異位性皮膚炎","週歲以下的新生兒，由於剛出生的皮脂腺活動分泌較為旺盛，因此發病率也高。,30～60歲的中年人，臨床上男性多於女性。,雙親其中患有脂漏性皮膚炎，遺傳至下一代的體質將有較高的發病率。,內外因素導致內分泌失調者，例如長期生活作息不規律、熬夜、工作壓力過大、或女性經期症候群等。,肌膚代謝紊亂者，易使表皮原本共存的皮屑芽孢菌（黴菌）等大量滋生，進而引起發炎。,皮膚受外部化學刺激，如使用刺激性的染燙劑、造型、清潔、護膚用品的人。,飲食習慣不佳者，如愛吃高熱量、高油脂或刺激性的食物，及缺乏維生素B2或B6的人。,過度使用熱水洗臉，蒸臉，三溫暖等。,免疫功能不佳者，皮膚抵抗力較差的族群，如洗腎及愛滋病患等。,其他如老年人或中風、維生素B2或B6缺乏、帕金森氏症、心血管疾病等。",皮膚科,皮膚
皮膚,酒糟性皮膚炎,"紅臉,紅鼻子,搔癢,刺痛,灼熱,紅色丘疹,膿皰,眼睛乾澀,紅眼,結膜發炎,眼皮發炎,畏光,局部纖維化,軟組織增生,皮膚凹凸不平","鼻腫瘤痘痘,類固醇皮膚炎","十到二十幾歲的年輕男女，特別是皮膚白皙的女性發病率最高。,遺傳體質屬酒糟肌膚，也就是表層血管對於熱相當敏感的人。,內分泌嚴重失調，作息日夜顛倒的人。,長期嗜吃辛辣食物與愛喝酒的人。",皮膚科,"皮膚,臉"
皮膚,汗疱疹,"起水泡,騷癢,紅腫,破皮,脫屑,結痂,刺痛","皮膚苔蘚化,蜂窩性組織炎,淋巴管腺炎,細菌感染","本身帶有過敏基因或體質溼熱，及罹患異位性皮膚炎、香港腳等皮膚病的人。,經常處於高溫悶溼的環境下，或受強烈日光照射刺激的人。,情緒不穩定、壓力過大，內分泌嚴重失調的人。,反覆接觸水及化學溶劑的人，例如清潔劑、亮光劑、髮膠、洗髮精等，甚至是含香精的肥皂。,對特定金屬過敏的人，攝食過多含鎳、鈷、鉻的食物，像是馬鈴薯、豆科食物、肝臟、堅果、扇貝、麵粉、洋蔥、香菇等。",皮膚科,"皮膚,手部,腳部"
皮膚,褥瘡,"疼痛,紅腫,起水泡,發炎,灼熱感,脫皮,無毛,潰瘍,化膿,龜裂,發黑,發臭,腐爛,發燒","敗血症,蜂窩性組織炎,骨髓炎","長期肢體行動不便的人，無論是臥病在床或坐輪椅，其褥瘡的好發率高達百分之三十三，包括各種住院病患：老人、車禍導致半身不遂、髖部骨折傷者、腦部損傷者、癌症末期、尿毒症、中風、昏迷及其他因故意識不清者。,體重過胖或過瘦，或有大小便失禁問題的人，更增加患部的摩擦機率，造成發病。,糖尿病或腎臟病患者，末稍血液循環不良，容易感覺麻木，未察褥瘡的發生。,本身皮膚敏感脆弱、體力不佳、營養不良的人，也很常見褥瘡問題。","皮膚科,一般外科,整形外科",皮膚
皮膚,雄性禿,"毛髮髮幹直徑變細,長度變短,頭髮變薄變塌,頭皮出油量增加,毛囊炎,頭皮癢,頭皮痛","代謝性疾病,高血壓,攝護腺肥大,合併雄性素過多症,多囊性卵巢症候群","有雄性禿家族病史,年齡的增長,雄性荷爾蒙的作用,抽菸,過量飲酒,長期的生活壓力,飲食高油高鹽",皮膚科,頭部毛髮
皮膚,單純疱疹,"皮膚敏感,搔癢,起水泡,灼熱感,疼痛,刺痛,排尿困難,輕微發燒,肌肉痠,破皮,潰瘍,結痂,扁桃腺發炎","齦口炎,腦炎,腦膜炎,角膜炎,視力損傷,全身性感染,皰疹性溼疹,新生兒死亡,外陰陰道炎","免疫力較弱者，如新生兒與幼童，及慢性病患、癌症病患、器官移植病患等。,本身已罹患其他重大疾病或皮膚病，身體虛弱的人，例如溼疹病患、燒燙傷患者、癌症、器官移植者。,待在衛生條件不佳的居家或公共托育所裡的孩童。,小時候曾有過皰疹的年輕人，日後因身體狀況不佳，如月經週期、壓力大、焦慮、睡眠不足，都很容易再發。","皮膚科,小兒科,泌尿科,婦產科,家醫科",皮膚
皮膚,狐臭,"腋下異味,黃色汗漬,汗液黏稠,阿摩尼亞味,耳道溼黏","細菌感染,各式皮膚病","本身帶有遺傳體質者。父母之中只要有一人患有狐臭，可遺傳給子女，發生率約1/2。若雙親均有狐臭，子女罹患狐臭的機率將為正常人的三倍。,女性比男性發生率高。,雄性荷爾蒙分泌旺盛者，如生理期前後或妊娠期間的女性。,常吃含有影響荷爾蒙成分的補品和飲食的人。","皮膚科,家醫科,美容中心,整形外科,呼吸胸腔科,神經科",腋下
皮膚,痱子,"發紅,起疹,騷癢,灼痛,刺痛,紅腫,膿疱,發炎,脫屑,化膿,糜爛,龜裂","細菌感染,黴菌感染,溼疹,毛囊炎,熱衰竭,汗腺炎","汗腺功能發育未全的嬰幼兒。,長期臥病在床的人。,經常處於悶熱環境中，或穿著密不透風制服的人，像是軍人、廚師等。,過於肥胖且體質虛弱的人。,大量流汗的人，如運動員、發高燒者。","皮膚科,小兒科",皮膚
皮膚,香港腳（足癬）,"足部搔癢,皮膚表層發白,足部水皰,皮屑剝落,足部皸裂,足部糜爛,皮下組織腫脹,足部皮膚角化,足部脫皮,腳臭,足部紅腫","灰趾甲,淋巴管炎,網狀淋巴管急性炎症,蜂窩性組織炎,手癬","較常自發於十二歲以上的青年或成年男性，女性則比較常是經由接觸而被傳染。,天生腳汗多的人。,經常穿著不通風包鞋、高筒鞋的人。,長時間穿著難吸汗的襪子的人，例如尼龍材質的絲襪等。,身處悶熱和潮濕環境下的人。,沐浴完後未將足部仔細擦乾就悶著的人。,共用已患有香港腳者的拖鞋、毛巾等。,涉足公共場所者，踏觸公共澡堂、浴池、泳池邊的污水或潮溼未乾的角落。",皮膚科,"皮膚,足部"
皮膚,帶狀疱疹（皮蛇）,"乏力,倦怠,食慾減退,發燒,患處灼熱,碰觸痛,發疹,紅斑,搔癢,丘疹,水泡,水泡帶狀分布,神經痛,失眠,頭痛","細菌感染,角膜炎,角膜潰瘍,結膜炎,視力退化,失明,肌肉無力,面部癱瘓,嘴歪,眼皮無法閉闔,耳炎,聽力障礙,失聰,中樞神經病變,慢性神經痛,急性胃腸炎,膀胱炎,前列腺炎,腦炎,腦膜炎,四肢抽搐,昏迷,死亡,中風","以免疫力不佳的成人或老人為最常見。,長期缺乏運動者。,經常熬夜、生活習慣不正常者。,過度疲勞、壓力過大的人。,曾經感染過水痘，體內潛伏原發病毒者。,長期使用抗癌劑或皮質類固醇激素、化療等，致使身體抵抗力下降者。,患有其他重大疾病如糖尿病、愛滋病、或有重大外傷、剛手術完，及有惡性腫瘤在身的人。","皮膚科,家醫科,神經科",皮膚
皮膚,毛囊炎,"毛囊性丘疹,丘疹中心有毛髮貫穿,紅疹,疹尖化膿,膿皰,流膿,疤痕,搔癢,疼痛","細菌感染,丹毒,蜂窩組織炎,淋巴腺腫脹,慢性毛囊炎,禿髮,發燒","免疫功能欠佳的人，包含體質不佳、或罹患其他慢性疾病如糖尿病患者等。,經常攝食含糖量過高或過於油膩食物的人。,個人衛生習慣不佳者。,經常身處潮溼、高溫、不通風、不清潔環境的人。,過度摩擦或刺激皮膚的人，例如洗頭髮太過用力、刮鬍子不小心刮傷等，造成毛囊受損而容易感染細菌。,過度使用油性化妝品、保養品、髮蠟、髮膠的人。,職業中不斷接觸瀝青、煤焦油、礦物油等物質的人。,長期採用一些特殊治療者，如皮質類固醇激素藥物、外用皮質激素軟膏、焦油類軟膏、將傷口過度包封等，引發毛囊炎的機率也較高。","皮膚科,家醫科",皮膚
皮膚,肝斑,"顏面色素沉澱,黃褐色斑,灰藍色班,斑塊分布對稱,斑塊邊界清楚,不規則斑狀",月經失調,"內分泌失衡的女性。在懷孕期間女性荷爾蒙的改變，容易促使肝斑發生；其他如停經的婦女，也算是好發族群之一。,長時間受紫外線傷害、過度日照、較不注意防曬的人。,長期服用口服避孕藥的女性。,經常使用不良化妝品或保養品的女性，尤其標榜美白效果的含汞產品，使用越多越容易導致皮膚黑色素沉澱。,家族有肝斑遺傳病史者。","皮膚科,家醫科,美容中心","皮膚,臉"
皮膚,全身型膿疱性乾癬（GPP）,"黃色無菌膿皰,發燒,脫皮,發紅,疼痛,灼痛,發癢,疲勞,關節疼痛,白血球數量增多","呼吸衰竭,心臟衰竭,脫水,敗血症","40-59歲的成人或孩童,精神壓力,低副甲狀腺素,懷孕",皮膚科,皮膚、關節
皮膚,黑色素瘤,"痣變大,痣變色",癌細胞轉移（黑色素細胞癌可轉移到其他部位皮膚、皮下組織、淋巴結，最常轉移的器官是肺臟、肝臟、腦部、骨骼、腸道）,50歲以上之中老年人。,"血液腫瘤科,皮膚科,一般外科","皮膚,指甲,黏膜"
皮膚,膽脂瘤,"耳朵流膿,耳臭,耳脹,耳鳴,耳痛,聽力減退,聽力喪失,顏面神經麻痺,臉歪嘴斜,吞嚥困難,不平衡感,眩暈,頭痛","腦膜炎,腦炎,腦膿瘍,聽力障礙,平衡功能缺失,內耳瘻管,眩暈,顏面神經麻痺,乳突炎,側靜脈竇血栓,腦疝脫","慢性中耳炎不治療，或反覆發生中耳炎者，很容易併發膽脂瘤。,先天性膽脂瘤的好發年紀平均年齡為4.5歲，以男生的比率較多，因孩童的耳咽管又短又平，較容易引發中耳積水。,唇顎裂的孩童是原發後天性膽脂瘤的高危險群,中耳負壓、耳咽管功能不佳持續收縮、中耳積水等造成耳膜內凹，較容易引發珍珠瘤",耳鼻喉科,耳
皮膚,股癬,"胯下發紅,胯下脫皮,環狀圓形斑片,脫屑,丘疹,搔癢,水皰,結痂,膿包","毛囊炎,色素沉澱,表皮苔蘚化症,體癬,足癬,蜂窩性組織炎","愛穿牛仔褲和緊身褲的人，其中又以男性高於女性。,運動量大、流汗多的人。,肥胖者，鼠蹊部的皮膚皺折更多，如果又經常不注意清潔，就很容易營造出黴菌滋生的環境。,免疫力低弱的人。特別是本身罹患惡性腫瘤、糖尿病、愛滋病，或長期使用免疫抑制劑的人，會比一般人更容易染上股癬。,長期仰賴類固醇止癢者。,白帶過多的患者。,農夫或經常從事園藝者。,需長時間坐著的工作者、如司機。",皮膚科,鼠蹊部
皮膚,灰指甲（甲癬）,"指甲變色,指甲增厚,指甲萎縮,指甲剝落,指甲脆化,指甲凹凸不平,趾溝腐爛,指甲變形,指甲脫屑","甲溝炎,指（趾）頭畸形,惡性腫瘤,香港腳,蜂窩性組織炎,菌血症,患部潰爛","個人衛生習慣欠佳，平日不愛保持指甲的乾燥與清潔者。,具有特殊環境需求者，例如家庭主婦、洗碗工、洗衣工、廚師等，手部經常要碰水，因而容易造成指甲根部產生病變。 與灰指甲患者在一起生活者，容易受交叉感染。,頻繁塗抹、卸除指甲油、做水晶指甲造型者，接觸比一般人更多量的化學有機溶劑、揮發物質、色料、黏著劑等，易使指甲本質變脆弱，感染病菌。,營養不良，抵抗力欠佳者。,本身罹患糖尿病之患者。","皮膚科,家醫科","趾甲,指甲"
新陳代謝與內分泌,糖尿病,"易餓,體重減輕,疲倦,口渴,傷口久不癒合,四肢刺痛,四肢發麻,視力變差,夜尿增加","糖尿病酮症酸中毒,糖尿病乳酸性酸中毒,糖尿病非酮症高滲性昏迷,糖尿病低血糖昏迷,糖尿病視網膜病變,糖尿病性白內障,糖尿病腎病,糖尿病神經病變,高血壓,冠心病,心絞痛,心肌梗塞,腦血管栓塞,腦溢血,周圍血管的病變,糖尿病性壞死症,皮膚念珠菌症","年齡超過45歲。,抽菸、飲酒過量。,家族有糖尿病史。,不分年齡，BMI超過25。,高風險種族，包括美洲原住民、非裔美國人、拉丁人、亞裔美國人和太平洋島嶼住民。,有妊娠糖尿病史，或曾產下出生時體重超過4公斤的嬰兒。,代謝症候群患者。,多囊性卵巢症候群患者。","代謝內分泌科,家醫科",胰臟
新陳代謝與內分泌,第1型糖尿病,"倦怠,夜尿,尿床,腹痛,嘔吐,脫水,多喝,多吃,多尿,體重減輕,呼吸急促,意識喪失","酮酸中毒,酮酸血症,低血糖,視網膜病變,腎臟病變,神經病變,腎功能衰竭,白內障",20歲以下的兒童或青少年較多。,"內分泌新陳代謝科,小兒科",胰臟
新陳代謝與內分泌,妊娠糖尿病,"多吃,多喝,多尿,疲倦","糖尿病,流產,早產,難產,妊娠高血壓,羊水過多,酮酸中毒,水腫,急性腎盂炎,胎兒先天畸形,死胎,巨嬰症,新生兒呼吸窘迫症候群,新生兒低血糖症,新生兒黃疸症,新生兒紅血球過多症","體重增加太快的孕婦。,有糖尿病家族病史的孕婦。,肥胖的女性。,曾產下嬰兒體重超過4000公克的孕婦。,曾產下死胎或先天畸形嬰兒的孕婦。,34歲以上的高齡產婦。",婦產科,胰;胰島素
新陳代謝與內分泌,甲狀腺機能亢進（甲亢）,"消瘦,冒汗,凸眼,焦慮,失眠,頸部腫大,心律不整,手抖,血壓上升,心悸,暴躁,月經不規則,體重減輕,緊張,掉髮,腹瀉,不易懷孕","心臟衰竭,休克,甲狀腺風暴,甲狀腺毒性週期性麻痺","20~30歲的年輕女性較多。,有家族遺傳病史者。",代謝內分泌科,"頸,甲狀腺"
新陳代謝與內分泌,脂肪肝,"上腹部疼痛或不適,疲勞,食欲不振,腹脹,肝臟腫大","黃疸,腹水,慢性肝炎,肝纖維化,肝硬化,肝癌,糖尿病,高血壓,冠心病,痛風,膽結石","長期酗酒者。,體重過重者。,不當減肥者。,50歲以上者。,BMI值超過25者。,糖尿病患者。,高血脂症。,極度營養不良。",胃腸肝膽科,肝
新陳代謝與內分泌,痤瘡（青春痘）,"粉刺,丘疹,膿皰,紅色硬凸狀結節,囊腫",蜂窩性組織炎,"十幾二十歲的青少年。,毛孔粗大，皮脂分泌旺盛，臉上較容易出油的人。,工作上容易接觸到大量油脂的人，如廚房工作者。,經常處在潮濕悶熱的環境下的工作者。,情緒壓力過大、情緒焦慮、睡眠不足常熬夜的人。,飲食習慣不良，喜好高熱量（如花生，巧克力…等）、油炸、甜食、或刺激辛辣的食物的人。,口服或外用副腎皮質荷爾蒙的人。,長期接觸工業用油、多氯聯苯的人。,多囊性卵巢症候群。",皮膚科,皮膚
新陳代謝與內分泌,甲狀腺癌,"頸部腫大,頸部硬塊,聲音沙啞,吞嚥困難,體重減輕,呼吸困難,胸部不適",癌細胞轉移（骨頭、肺臟、附近的氣管或食道等）,"20到40歲女性。,家族病史有甲狀腺癌者。","甲狀腺腫瘤,代謝內分泌科",甲狀腺
新陳代謝與內分泌,甲狀腺機能低下,"嗜睡,心跳變慢,畏寒,皮膚粗糙,體重增加,水腫,便秘,昏迷,疲倦","低血鉀麻痺,骨質疏鬆,記憶力衰退,心臟衰竭",null,代謝內分泌科,"頸,甲狀腺"
新陳代謝與內分泌,甲狀腺毒性週期性麻痺,"體重減輕,手抖,焦慮,心悸,四肢無力,頭暈,惡心","心律不整,呼吸衰竭",20到40歲年輕亞洲男性。,代謝內分泌科,"頸,甲狀腺"
新陳代謝與內分泌,甲狀腺風暴,"高燒,心悸,疲倦,焦慮,盜汗,腹瀉,惡心,嘔吐,黃疸,嗜睡,心房顫動,高血壓,心律不整,肺水腫","死亡,痙攣,昏迷,肝臟衰竭,心臟衰竭,骨質疏鬆",甲狀腺機能亢進患者。,新陳代謝科,"頸,甲狀腺"
新陳代謝與內分泌,淋巴癌,"淋巴腺腫大,貧血,發燒,出汗,體重減輕,皮膚瘙癢,疲倦,咳嗽",癌細胞轉移（淋巴結、淋巴區域、橫膈膜的上側或下側、骨頭、骨髓、皮膚、肝臟、脾臟及肺臟）,"免疫低下的患者，例如接受器官移植、愛滋病患者、自體免疫疾病病患等，皆是好發淋巴癌的高危險群。,暴露於有機溶劑、染料或輻射物質環境者，也較一般人容易得到淋巴癌。,乾燥症患者發病機率，較常人多7倍。",血液腫瘤科,淋巴系統
新陳代謝與內分泌,甲狀腺結節,"頸部腫大,頸部腫塊,體重減輕,失眠,暴躁","甲狀腺癌,甲狀腺機能亢進,亞急性甲狀腺炎","40~50歲中年女性。,家族有甲狀腺結節病史者。",代謝內分泌科,"頸,甲狀腺"
新陳代謝與內分泌,橋本氏甲狀腺炎,"疲倦,怕冷,便秘,貧血,肌肉關節疼痛,膽固醇升高","骨質疏鬆,記憶力衰退",30~50歲的女性。,代謝內分泌科,"頸,甲狀腺"
新陳代謝與內分泌,亞急性甲狀腺炎,"喉嚨痛,吞嚥疼痛,全身痠痛,倦怠,發燒,手抖,失眠,食欲不振,心悸,盜汗,頸部腫大,聲音沙啞,肌肉關節疼痛,緊張","永久性甲狀腺功能低下,甲狀腺機能亢進",年輕或中年女性。,代謝內分泌科,"頸,甲狀腺"
新陳代謝與內分泌,亞臨床甲狀腺低能症,"疲倦,怕冷,便秘,症狀輕微的疲倦,嗜睡","骨質疏鬆,記憶力衰退",10~20歲的青春期少年。,代謝內分泌科,"頸,甲狀腺"
新陳代謝與內分泌,庫欣氏症,"體重增加,中樞型肥胖,皮膚變薄,皮膚出現瘀青,毛髮過度增生,月經不規則,性慾降低,肌肉無力,骨質疏鬆,血壓上升,傷口癒合不良","糖尿病,動脈粥狀硬化","20-50歲青壯年,腦下垂體腫瘤患者,服用過多類固醇者,肺癌患者",內分泌科、新陳代謝科,全身
新陳代謝與內分泌,肢端肥大症,"手腳變大,臉型改變,骨關節炎,皮膚變粗糙,容易流汗,戽斗,月經失調,性功能減退,軟骨組織腫脹","高血壓,糖尿病,心臟衰竭,癌症,心肌病變,視神經受損,腦下垂體中風",43歲左右之中年人,新陳代謝科、內分泌科、骨科,四肢
新陳代謝與內分泌,糖尿病腎病變,"初、中期：
蛋白尿：一般來說，可能出現尿液有比較多的泡沫，但是否真的是蛋白尿，則需要檢驗結果才能確認。
顯微血尿：血尿不易由外觀發現，往往通過檢測才會發現。
水腫：因為腎臟流失太多蛋白質，造成身體白蛋白低，水分和鹽分的累積導致水腫，此時病人會出現水腫等問題，常發生在下肢、腳踝和眼皮。
其他症狀：其他可能的症狀有：疲倦、容易噁心等,蛋白尿：一般來說，可能出現尿液有比較多的泡沫，但是否真的是蛋白尿，則需要檢驗結果才能確認。,顯微血尿：血尿不易由外觀發現，往往通過檢測才會發現。,水腫：因為腎臟流失太多蛋白質，造成身體白蛋白低，水分和鹽分的累積導致水腫，此時病人會出現水腫等問題，常發生在下肢、腳踝和眼皮。,其他症狀：其他可能的症狀有：疲倦、容易噁心等,後期：後期有時還會出現肺部或心臟相關的症狀，常見有極端嗜睡或疲勞、持續的噁心感、意識混亂、胸口疼痛或有胸口有明顯壓迫感等症狀發生。","腎性貧血：腎臟受到傷害而出現功能惡化，紅血球生成素的產量減少，會引發貧血，病人可能會有頭暈、虛弱等症狀。,神經病變：神經病變主要發生在四肢為主，病人容易發生兩側下肢麻木、遲鈍等問題，嚴重時會出現肌肉無力或萎縮等情況。,電解質失衡：腎功能的破壞，有可能導致腎臟平衡體內鈉－鉀離子的能力受損，容易產生高血鉀的發生，血鉀太高則有機會引發心律不整、猝死，是不能輕忽的問題。,影響鈣質吸收：糖尿病造成腎臟功能的破壞，導致維生素Ｄ無法活化，影響腸道吸收鈣離子的能力，長期鈣離子攝取不足會導致骨質疏鬆，容易骨折。","當罹患糖尿病的時間越長、血糖控制不良者，糖尿病腎病變的風險也會越高。,糖尿病病人有高血壓家族病史，或是本身就有高血壓時。,家族有糖尿病腎病變的病史。,糖尿病病人伴隨有肥胖與高血脂問題時。,糖尿病病患且吸菸者。",null,null
感染疾病,B型肝炎（B肝）,"黃疸,胃腸不適,食慾不振,倦怠,全身無力,噁心,嘔吐,腹部疼痛,腹部腫脹,腹水,發燒,紅疹","慢性肝炎,肝硬化,猛爆性肝炎,肝癌","母親是B型肝炎帶原者的新生兒。,長期酗酒者。",胃腸肝膽科,肝
感染疾病,C型肝炎（C肝）,"黃疸,胃腸不適,食慾不振,腹部疼痛,腹部腫脹,腹水,發燒,紅疹","慢性肝炎,肝硬化,猛爆性肝炎,肝癌","長期酗酒者。,注射藥癮者。,洗腎患者。,血友病患者，需多次輸血者。",胃腸肝膽科,肝
感染疾病,胃潰瘍,"上腹部不適,上腹部疼痛或悶痛,吐血,吐黑色物質,解黑便,頭暈,休克,嚴重腹痛,發燒,嘔吐,腹脹,吃少量食物就飽脹,便秘,胃食道逆流","消化道出血,胃下垂,胃穿孔,胃癌","家族病史：胃潰瘍病史。,飲食習慣：三餐不定時、暴飲暴食。,食物選擇：常食用高油脂、刺激性食物，空腹食用高油脂或刺激性食物。,飲酒過量：長期飲酒、吸菸、吃檳榔。,藥物使用：長期服用消炎止痛、阿斯匹林、類固醇等。,精神壓力：過度憂慮、焦慮緊張等。,幽門螺旋桿菌：幽門螺旋桿菌會破壞胃粘膜表皮細胞，易導致胃發炎、胃潰瘍、十二指腸潰瘍、胃癌。",胃腸肝膽科、家醫科,胃、食道、十二指腸
感染疾病,猴痘,"發燒,畏寒(寒顫),出汗,頭痛,肌肉痛,口腔潰瘍,淋巴腺腫大,極度倦怠,皮疹","皮膚感染,繼發性細菌感染,肺炎,敗血症,精神錯亂,眼部感染,視力喪失","猴痘感染者的同住家人及醫護人員,有猴痘感染者接觸史,食用受感染的動物肉類",感染科,四肢、軀幹
感染疾病,肺炎,"咳嗽,咳痰,發燒,畏寒,胸痛,呼吸急促,呼吸困難,咳血,頭疼,食慾減退,疲倦,腹瀉,噁心,嘔吐","膿胸,肺膿瘍,肋膜炎,心內膜炎,關節炎,腦膜炎,敗血症,敗血性休克,呼吸衰竭,腦膿瘍,心包炎,骨髓炎","接受器官或骨髓移植的患者。,免疫系統功能不佳者。,糖尿病、心臟病、肺病、癌症……等慢性病患者。,65歲以上的老人。,5歲以下的幼童。","呼吸胸腔科,胸腔科,呼吸治療科","氣管,胸部"
感染疾病,A型肝炎（A肝）,"發燒,出汗,畏寒,肌肉酸痛,食慾不振,噁心,嘔吐,茶色尿,腹部腫脹","急性肝炎,黃疸,猛爆性肝炎",null,胃腸肝膽科,肝
感染疾病,流行性感冒（流感）,"發燒,打噴嚏,咳嗽,流鼻涕,鼻塞,頭痛,喉嚨痛,全身痠痛","肺炎,心肌炎,中耳炎,鼻竇炎,腦炎","2歲以下幼兒。,65歲以上老人。,慢性病患者或孕婦。","家醫科,耳鼻喉科,內科","咽喉,鼻"
感染疾病,感冒,"打噴嚏,咳嗽,流鼻涕,鼻塞,頭痛,喉嚨痛","鼻竇炎,支氣管炎,中耳炎,肺炎","2歲以下幼兒。,65歲以上老人。,慢性病患者。","耳鼻喉科,家醫科","咽喉,鼻"
感染疾病,支氣管炎,"乾咳,咳痰,胸悶,全身酸痛,發燒,呼吸有雜音,呼吸急促,咳嗽,喘息","肺炎,中耳炎,鼻竇炎,阻塞性肺氣腫,支氣管肺炎,支氣管擴張","小孩或老人常好發急性支氣管炎，大多數為病毒感染。,四十歲以上的男性好發慢性支氣管炎。,工作環境常佈滿灰塵者。",呼吸胸腔科,氣管
感染疾病,狂犬病,"前驅期：非特異性的全身不適症狀，如發熱、發冷、頭痛、喉嚨痛；咬傷部位痛、癢或麻木、刺痛等異樣感。,興奮期：活動過度、精神出現異常亢奮或恐懼現象、喜吃異物或亂咬人，通常持續半天至兩天。,中後期：精神緊張、麻痺、全身痙攣、幻覺、譫妄、吞嚥困難、咽喉部痙攣、恐水現象(因喝水或看到水引起之喉部痙攣)。,後期：中期症狀併有精神錯亂、抽搐、呼吸衰竭而窒息身亡。","精神錯亂,抽搐,呼吸衰竭",null,家醫科、感染科,腦部
感染疾病,愛滋病,"發燒,腹瀉,畏寒,夜間盜汗,體重減輕,咳嗽,呼吸困難,氣喘,淋巴腺腫大,脾臟腫大,口腔潰瘍,牙齦炎,頭痛","卡波西氏肉瘤,梅毒,疱疹,惡性腫瘤,肺囊胞蟲肺炎,肝炎,腦膜炎,肌肉病變,脊髓病變,神經病變,淋巴瘤,肺結核,死亡","有複雜性關係或多重性伴侶者。,曾經或目前是靜脈注射毒癮者。,長期接受輸血或血漿等血液製劑者。,性伴侶為愛滋病患或疑似感染HIV者。,性行為對象為藥物濫用者，或具其他高風險行為者。,從事危險性行為、且無保護措施者。",感染科,免疫系統
感染疾病,腸病毒,"發燒,喉嚨痛,流口水,情緒不安,食慾不佳,嘔吐,腹瀉,咳嗽,高燒不退,抽搐,嗜睡,意識不清,臉色蒼白,呼吸困難,手腳潰瘍水泡,口咽部潰瘍水泡,紅疹","無菌性腦膜炎,病毒性腦炎,肢體麻痺症候群,急性出血性結膜炎,心肌炎,心包膜炎,肺炎,肺水腫,新生兒敗血症,心衰竭,休克,死亡","5歲以下的小兒族群，因其免疫系統較差。,成人若頻繁出入人潮擁擠、不通風的公共場所，較易接觸到病原而感染腸病毒。,近距離接觸感染腸病毒病患者。,個人、環境及飲食衛生習慣不佳者。",小兒科,"呼吸道,腸胃道,眼睛,心臟,神經,皮膚,泌尿道,骨骼,肌肉"
感染疾病,肺結核（結核病）,"長期咳嗽,咳痰,咳血,胸痛,胸口緊悶,呼吸困難,呈粘液樣膿性痰,食慾不振,體重減輕,午後近傍晚發燒,疲倦乏力,夜間盜汗","肺外結核,結核性腦膜炎,支氣管內結核,結核性支氣管擴張症,結核性膿胸,支氣管狹窄,支氣管肋膜廔管,大量咳血,動脈瘤破裂,巨大結核瘤","35歲以前發生率男女相當，隨著年齡增長，男性罹病的比率漸增。,4歲以下嬰幼童因免疫力較差，為好發族群。,65歲以上老年族群，其中男女比例約為 3：1。,與結核病患者密切接觸者或其家庭成員。,免疫系統較弱者，如罹患癌症、糖尿病、慢性阻塞性肺病、塵肺症、慢性腎衰竭接受洗腎患者、長期使用免疫抑制劑者、HIV感染及愛滋病患、營養不良、酗酒者等。,缺乏醫療資源的偏鄉居民，較容易爆發傳染。","感染科,呼吸胸腔科",肺部
感染疾病,敗血症,"發燒,寒顫,心跳過快,抽筋,呼吸急促,心跳加快,意識改變,低血壓,呼吸性鹼中毒,體溫過低,白血球異常,腹痛,咳嗽,喘,食欲不振,噁心嘔吐,腹脹,肌肉痛,關節痛,皮疹","多重器官衰竭,急性肺部損傷,腎功能衰竭,死亡","新生兒及老年人為好發族群，因該族群免疫力較弱。,加護病房的重症病患，因其免疫力低下。,接受化學治療的腫瘤病患，因其白血球減少、抵抗力變弱，容易讓病原菌入侵身體而併發感染。,燒燙傷、車禍、槍傷等遭受嚴重外傷者。,愛滋病、酒精中毒、接受免疫抑制劑治療等免疫機能低下者。,糖尿病、肝硬化、慢性腎衰竭等慢性疾病者。,感染肺炎鏈球菌者，可能併發嚴重敗血症，甚至敗血性休克。",感染科,血液
感染疾病,玫瑰疹,"高燒,焦躁不安,食慾不佳,反覆發燒,咳嗽；流鼻涕,輕微腹瀉,出疹,流鼻水,眼睛紅,喉嚨發炎,頭後方淋巴腺腫,抽筋","熱性痙攣,心肌炎,中耳炎",兩歲以下的嬰幼兒，無性別之分，尤以六個月到十八個月大的小朋友最常見。,"小兒科,皮膚科",皮膚
感染疾病,中耳炎,"耳痛,耳鳴,鼻塞,發燒,聽力減退","聽力受損,中耳積水,腦部感染,鼻炎,鼻竇炎,咽喉炎,顏面神經麻痺,腦膜炎,腦膿瘍","學齡前孩童，在托兒所照護，家長有吸菸習慣。,常躺著進食，及上呼吸道感染的孩童。",耳鼻喉科,耳
感染疾病,甲溝炎,"甲溝紅腫,脹痛,發炎,化膿,甲溝與指甲分開,指甲變形,指甲底下顏色變綠變黃,指甲內生,甲溝肉芽組織增生","慢性指骨骨髓炎,慢性軟組織竇道,膿性指頭炎,淋巴管炎,趾骨變形","職業為家庭主婦、廚師、洗衣工或酒保等，會經常需要碰水和清潔劑的人。,職業運動員，例如足球、排球、籃球球員或是競跑健將，容易讓腳趾過度承受外力衝撞，造成反覆性的外傷進而感染細菌。,愛吸咬手指、摳腳趾的人。,愛穿尖頭鞋或高跟鞋的人。鞋子如果前端過窄，易把腳趾的軟組織都擠在一起，長時間下來形成指甲倒插，引發甲溝炎。,指甲內生或指甲剪太短的人。,本身罹患乾癬、溼疹或凍瘡的人，手足部已有多處開放性小傷口，容易併發甲溝炎。","皮膚科,一般外科,整形外科","足部,手部"
感染疾病,急性結膜炎,"流眼淚,眼睛癢,紅眼,分泌物多,畏光,眼睛痛","耳前淋巴腺腫脹,角膜發炎,角膜糜爛,角膜混濁",引發急性結膜炎主要的罪魁禍首是濾過性病毒（如腸病毒、腺病毒、科沙奇病毒），也有少數是由非濾過性病毒所引起的（如披衣菌），在炎熱潮濕的夏季最常出現，不過涼爽的春秋兩季也是好發時節。一般流行的途徑以擁擠人多的公共場所直接或間接接觸性傳染最為常見。,眼科,眼
感染疾病,百日咳,"流鼻水,打噴嚏,咳嗽,哮咳,疲倦,發燒,食慾不振,咳嗽後嘔吐,呼吸暫停,發紺","肺炎,缺氧,呼吸中止,痙攣,抽搐,缺氧性腦症,腦部病變,營養失調,死亡","5歲以下幼童，又以6個月以下的嬰幼兒為高危險族群。,直接接觸或照顧病患者的醫護人員、家庭成員等。,學齡兒童及青少年。因百日咳疫苗抗體會隨時間加長而逐漸消失，估計僅能維持至學齡前。","小兒科,家醫科,呼吸胸腔科,感染科",呼吸道
感染疾病,十二指腸潰瘍,"腹痛,腹部灼熱感,胸悶,胃痛,餓痛,胃脹,胃悶,胃酸過多,易餓,睡眠品質差,頭昏,腦脹,頸部酸緊,全身酸痛,火氣大,溢酸,打嗝,噁心,嘔吐,消化不良,食欲不振,腹瀉,便秘,吐血,黑便,血便","十二指腸出血,胃穿孔,胃出口阻塞,腹膜炎","20歲到30歲的年輕人。,三餐不定時定量者。,長期酗酒者。,精神、工作壓力大者。",胃腸肝膽科,十二指腸
感染疾病,猩紅熱,"發燒,喉嚨痛,頭痛,腹痛,皮疹,舌頭紅腫,臉部潮紅,扁桃腺發炎,頸部淋巴結腫痛,脫皮","中耳炎,肺炎,頸部淋巴腺炎,鼻竇炎,扁桃腺膿瘍,關節炎,腦膜炎,敗血症,毒性休克症候群,急性風濕熱,風濕性心臟病,急性腎絲球腎炎","5~15歲的兒童，小學年齡最常見，特別是處在人多擁擠的場所，如學校、幼稚園等。,家中有幼童感染時，易在兄弟姊妹間交互感染。","小兒科,家庭醫學科,耳鼻喉科,一般內科","皮膚,咽喉"
感染疾病,小兒麻痺,"發燒,倦怠,噁心,頭痛,肌肉疼痛,呼吸困難,頸部僵硬,吞嚥困難,肢體無力,肢體麻痺,肌肉萎縮","無菌性腦膜炎,癱瘓",5歲以下的兒童。,"小兒科,家醫科","肌肉,神經系統"
感染疾病,尖銳濕疣（菜花）,"丘疹,疣體",肛門癌,"有不安全性行為,和確診者有性行為,免疫不全者",大腸直腸外科、泌尿科、感染科、皮膚科、婦產科,肛門及外生殖器
感染疾病,單純疱疹,"皮膚敏感,搔癢,起水泡,灼熱感,疼痛,刺痛,排尿困難,輕微發燒,肌肉痠,破皮,潰瘍,結痂,扁桃腺發炎","齦口炎,腦炎,腦膜炎,角膜炎,視力損傷,全身性感染,皰疹性溼疹,新生兒死亡,外陰陰道炎","免疫力較弱者，如新生兒與幼童，及慢性病患、癌症病患、器官移植病患等。,本身已罹患其他重大疾病或皮膚病，身體虛弱的人，例如溼疹病患、燒燙傷患者、癌症、器官移植者。,待在衛生條件不佳的居家或公共托育所裡的孩童。,小時候曾有過皰疹的年輕人，日後因身體狀況不佳，如月經週期、壓力大、焦慮、睡眠不足，都很容易再發。","皮膚科,小兒科,泌尿科,婦產科,家醫科",皮膚
感染疾病,腮腺炎（豬頭皮）,"臉部疼痛,臉部腫脹,頭痛,發燒,噁心,畏寒,喉嚨痛,腮腺腫大","顏面神經麻痺,腮腺膿瘍,蜂窩性組織炎,臉部凹陷,臉部畸形,睪丸炎,卵巢炎,腦膜炎,耳聾",4~9歲兒童。,耳鼻喉科,臉
感染疾病,香港腳（足癬）,"足部搔癢,皮膚表層發白,足部水皰,皮屑剝落,足部皸裂,足部糜爛,皮下組織腫脹,足部皮膚角化,足部脫皮,腳臭,足部紅腫","灰趾甲,淋巴管炎,網狀淋巴管急性炎症,蜂窩性組織炎,手癬","較常自發於十二歲以上的青年或成年男性，女性則比較常是經由接觸而被傳染。,天生腳汗多的人。,經常穿著不通風包鞋、高筒鞋的人。,長時間穿著難吸汗的襪子的人，例如尼龍材質的絲襪等。,身處悶熱和潮濕環境下的人。,沐浴完後未將足部仔細擦乾就悶著的人。,共用已患有香港腳者的拖鞋、毛巾等。,涉足公共場所者，踏觸公共澡堂、浴池、泳池邊的污水或潮溼未乾的角落。",皮膚科,"皮膚,足部"
感染疾病,帶狀疱疹（皮蛇）,"乏力,倦怠,食慾減退,發燒,患處灼熱,碰觸痛,發疹,紅斑,搔癢,丘疹,水泡,水泡帶狀分布,神經痛,失眠,頭痛","細菌感染,角膜炎,角膜潰瘍,結膜炎,視力退化,失明,肌肉無力,面部癱瘓,嘴歪,眼皮無法閉闔,耳炎,聽力障礙,失聰,中樞神經病變,慢性神經痛,急性胃腸炎,膀胱炎,前列腺炎,腦炎,腦膜炎,四肢抽搐,昏迷,死亡,中風","以免疫力不佳的成人或老人為最常見。,長期缺乏運動者。,經常熬夜、生活習慣不正常者。,過度疲勞、壓力過大的人。,曾經感染過水痘，體內潛伏原發病毒者。,長期使用抗癌劑或皮質類固醇激素、化療等，致使身體抵抗力下降者。,患有其他重大疾病如糖尿病、愛滋病、或有重大外傷、剛手術完，及有惡性腫瘤在身的人。","皮膚科,家醫科,神經科",皮膚
感染疾病,毛囊炎,"毛囊性丘疹,丘疹中心有毛髮貫穿,紅疹,疹尖化膿,膿皰,流膿,疤痕,搔癢,疼痛","細菌感染,丹毒,蜂窩組織炎,淋巴腺腫脹,慢性毛囊炎,禿髮,發燒","免疫功能欠佳的人，包含體質不佳、或罹患其他慢性疾病如糖尿病患者等。,經常攝食含糖量過高或過於油膩食物的人。,個人衛生習慣不佳者。,經常身處潮溼、高溫、不通風、不清潔環境的人。,過度摩擦或刺激皮膚的人，例如洗頭髮太過用力、刮鬍子不小心刮傷等，造成毛囊受損而容易感染細菌。,過度使用油性化妝品、保養品、髮蠟、髮膠的人。,職業中不斷接觸瀝青、煤焦油、礦物油等物質的人。,長期採用一些特殊治療者，如皮質類固醇激素藥物、外用皮質激素軟膏、焦油類軟膏、將傷口過度包封等，引發毛囊炎的機率也較高。","皮膚科,家醫科",皮膚
感染疾病,恙蟲病,"發燒,頭痛,背痛,肌肉痛,惡寒,盜汗,淋巴結腫大,恙蟎叮咬處出現無痛性的焦痂（eschar）、一週後皮膚出現紅色斑狀丘疹","間質性心肌炎,肺炎,急性呼吸衰竭症候群,腦炎或腦膜炎,出血,器官衰竭,肝功能異常",野外旅遊及工作者,感染科、皮膚科,皮膚
感染疾病,梅毒,"皮膚性潰瘍,硬下疳,生殖器官冒發斑疹,生殖器官冒發丘疹,生殖器官糜爛,生殖器官潰瘍,皮疹,發燒,喉嚨痛,全身乏力,體重減輕,脫髮,頭痛,關節炎,骨骼好發炎性軟瘤,慢性肉芽腫,梅毒腫,神經系統麻痺,噁心,嘔吐","胎兒梅毒性骨軟骨炎,黏膜病變,慢性間質性舌炎,中樞神經系統病變,脊髓膜炎,痙攣,癱瘓,心血管病變,單純性主動脈炎,主動脈瓣關閉不全,心肌梗塞,主動脈瘤,猝死,骨骼系統病變,組織破壞,器官功能喪失,殘疾,死亡","性行為活躍的族群，包含性喜濫交、雜交、以及性工作者，感染風險算是最高的。,性伴侶為感染梅毒者。,未有固定性伴侶的人。,透過血液輸入接觸到梅毒螺旋體的人，如受污染的針筒、輸血、共用針頭等。","皮膚科,泌尿科,感染科,婦產科","皮膚,生殖器官,全身"
兒科,兒童多系統發炎症候群 (MIS-C),"發燒,皮膚出疹,結膜炎（紅眼）,草莓舌,頸部淋巴結腫脹,腹痛,嘔吐,腹瀉,盲腸炎,精神不佳,活力減低,倦怠,尿量減少,抽筋,嘴巴黏膜明顯乾燥,激動哭泣時沒有眼淚,低血壓,心肌功能受損,凝血功能異常","出疹,結膜炎,黏膜發炎,低血壓,休克,心包膜炎,瓣膜炎,冠狀動脈異常,凝血功能異常,急性腸胃道症狀","男孩,肥胖,非裔與西班牙裔發生率較高，亞裔次之。,基因（待更多研究討論）",急診、兒科,心臟、呼吸系統、腎臟、神經、凝血功能、腸胃道、皮膚都可能發生。
兒科,腸病毒,"發燒,喉嚨痛,流口水,情緒不安,食慾不佳,嘔吐,腹瀉,咳嗽,高燒不退,抽搐,嗜睡,意識不清,臉色蒼白,呼吸困難,手腳潰瘍水泡,口咽部潰瘍水泡,紅疹","無菌性腦膜炎,病毒性腦炎,肢體麻痺症候群,急性出血性結膜炎,心肌炎,心包膜炎,肺炎,肺水腫,新生兒敗血症,心衰竭,休克,死亡","5歲以下的小兒族群，因其免疫系統較差。,成人若頻繁出入人潮擁擠、不通風的公共場所，較易接觸到病原而感染腸病毒。,近距離接觸感染腸病毒病患者。,個人、環境及飲食衛生習慣不佳者。",小兒科,"呼吸道,腸胃道,眼睛,心臟,神經,皮膚,泌尿道,骨骼,肌肉"
兒科,熱痙攣,"發燒,抽搐,失去意識,四肢對稱性僵直,雙眼目光上吊,大小便失禁",熱痙攣本身不會對腦部或身體其他部位造成傷害，但需避免發作當下的意外傷害,null,小兒科、兒童神經科,全身
兒科,玫瑰疹,"高燒,焦躁不安,食慾不佳,反覆發燒,咳嗽；流鼻涕,輕微腹瀉,出疹,流鼻水,眼睛紅,喉嚨發炎,頭後方淋巴腺腫,抽筋","熱性痙攣,心肌炎,中耳炎",兩歲以下的嬰幼兒，無性別之分，尤以六個月到十八個月大的小朋友最常見。,"小兒科,皮膚科",皮膚
兒科,川崎病（川崎氏病）,"發燒,紅眼,嘴唇乾裂,舌頭紅腫,草莓舌,喉嚨發炎,喉嚨紅腫,四肢末稍浮腫(疾病早期),四肢末稍脫皮(疾病後期),頸部淋巴結腫大,皮膚紅疹","冠狀動脈炎,冠狀動脈瘤,冠狀動脈瘤破裂,心肌炎,心包膜炎,心律不整,心肌梗塞,心臟衰竭,死亡","5歲以下幼童，平均年齡為2歲，又男童的發病率高於女童。,亞洲人發生率較高，日本發生率居全球第1，台灣第3。,罹患川崎病的孩童，其兄弟姊妹的罹病風險也較一般人高。,父母有川崎病病史，孩子罹患川崎病的風險也較高。","小兒科,小兒感染科,小兒心臟科","皮膚,粘膜,淋巴"
兒科,小兒尿道感染,"膿尿,發燒,食慾不振,哭鬧,腹脹,腹瀉,頻尿,排尿疼痛,排尿灼熱感,尿急,腹痛,腰痛,生長遲緩,嘔吐,抽筋,排便習慣改變,尿失禁","腎臟纖維化,高血壓,慢性腎衰竭,敗血症,急性腎盂腎炎","嬰幼兒與兒童，女童較男童易感染。,有經常性便秘的兒童。,先天性泌尿道發育異常的兒童。",小兒科,泌尿系統
兒科,隱睪症,"陰囊內摸不到睪丸,陰囊發育差","疝氣,不孕症,睪丸癌,精索扭轉,睪丸纖維化",早產的男嬰。,"小兒科,小兒外科",睪丸
兒科,百日咳,"流鼻水,打噴嚏,咳嗽,哮咳,疲倦,發燒,食慾不振,咳嗽後嘔吐,呼吸暫停,發紺","肺炎,缺氧,呼吸中止,痙攣,抽搐,缺氧性腦症,腦部病變,營養失調,死亡","5歲以下幼童，又以6個月以下的嬰幼兒為高危險族群。,直接接觸或照顧病患者的醫護人員、家庭成員等。,學齡兒童及青少年。因百日咳疫苗抗體會隨時間加長而逐漸消失，估計僅能維持至學齡前。","小兒科,家醫科,呼吸胸腔科,感染科",呼吸道
兒科,猩紅熱,"發燒,喉嚨痛,頭痛,腹痛,皮疹,舌頭紅腫,臉部潮紅,扁桃腺發炎,頸部淋巴結腫痛,脫皮","中耳炎,肺炎,頸部淋巴腺炎,鼻竇炎,扁桃腺膿瘍,關節炎,腦膜炎,敗血症,毒性休克症候群,急性風濕熱,風濕性心臟病,急性腎絲球腎炎","5~15歲的兒童，小學年齡最常見，特別是處在人多擁擠的場所，如學校、幼稚園等。,家中有幼童感染時，易在兄弟姊妹間交互感染。","小兒科,家庭醫學科,耳鼻喉科,一般內科","皮膚,咽喉"
兒科,小兒麻痺,"發燒,倦怠,噁心,頭痛,肌肉疼痛,呼吸困難,頸部僵硬,吞嚥困難,肢體無力,肢體麻痺,肌肉萎縮","無菌性腦膜炎,癱瘓",5歲以下的兒童。,"小兒科,家醫科","肌肉,神經系統"
兒科,注意力不足過動症（ADHD）,"注意力不集中,過動,衝動,學習障礙,對立反抗與行為規範障礙,憂鬱症,抽搐,妥瑞氏症,躁鬱症,睡眠障礙","偏差行為,憂鬱,焦慮",null,"兒童心智科,兒童精神科",大腦前額葉
兒科,痱子,"發紅,起疹,騷癢,灼痛,刺痛,紅腫,膿疱,發炎,脫屑,化膿,糜爛,龜裂","細菌感染,黴菌感染,溼疹,毛囊炎,熱衰竭,汗腺炎","汗腺功能發育未全的嬰幼兒。,長期臥病在床的人。,經常處於悶熱環境中，或穿著密不透風制服的人，像是軍人、廚師等。,過於肥胖且體質虛弱的人。,大量流汗的人，如運動員、發高燒者。","皮膚科,小兒科",皮膚
兒科,雷氏症候群,"嘔吐,哭鬧,頭痛,意識混亂,嗜睡,抽搐,譫妄,過度換氣,昏迷","腦水腫,腦壓高,抽搐,癲癇,肝腫大,肝衰竭,智力障礙,肢體麻痹","2個月~16歲的幼童和青少年，成年人很少患有此病。,感染水痘或流行性感冒的孩童，若以阿斯匹靈退燒，會增加雷氏症候群的風險。","小兒科,小兒神經科,小兒腸胃科","腦部,肝臟"
兒科,兒童顱咽管瘤,"視力衰退,視野缺損,視神經萎縮,失明,生長發育遲緩,長不高,肥胖,性遲熟,性早熟,尿崩,嘔吐,視乳頭水腫,大頭（嬰幼兒）,頭痛","中樞性高熱,意識障礙,尿崩症,循環衰竭,癲癇,消化道出血,無菌性腦膜炎,視力障礙,腦下垂體功能低下",null,兒童神經外科、腦神經外科、腫瘤科,蝶鞍上及腦下垂體附近
兒科,先天性膽道閉鎖,"黃疸,灰白便,肝臟腫大,腹部腫脹,脾臟腫大,腹水,眼白變黃,厭食,嗜睡","肝硬化,腸扭轉不良,十二指腸前門靜脈,多脾臟,臟器反轉位,無下腔靜脈,肛門閉鎖,食道閉鎖,先天性心臟病,胃腸道出血",新生兒,"小兒科,胃腸肝膽科,小兒外科","肝,膽"
兒科,急性淋巴性白血病,"貧血,發燒,出血傾向,不明原因的體重減輕,淋巴腺或脾臟腫大,骨頭疼痛,腿骨及胸骨疼痛","癌細胞復發,癌細胞轉移,泛血球貧血症,敗血症,嚴重出血","具先天性疾病，如唐氏症、先天性免疫不全、先天性再生不良性貧血。,接觸化學物或放射線者，如病患、相關工作人士。",小兒或成人血液腫瘤科,骨髓
兒科,神經母細胞瘤,"症狀與腫瘤位置有關（如在肚子內、胸腔、脊髓內、腎上腺內，會引起不同症狀）,肚子腫大,呼吸困難,下肢麻痺,四肢無力,步態不穩,貧血,高血壓,頭痛,潮紅,盜汗","癌細胞轉移（骨髓、骨頭、肝臟、軟組織、遠處淋巴結、腦部、皮膚、肺臟、肝臟及皮膚）,淋巴結腫大,肝腫大,上眼瞼下垂,上下眼瞼附近之瘀斑（熊貓眼）",10歲以下幼童，約一半的腫瘤好發於二歲以下，男童多於女童。,血液腫瘤科,"腎上腺,神經"
兒科,脊髓性肌肉萎縮症,主要是對稱的進行性近端肌肉無力及萎縮。第一型患者，臨床表現為哭聲小、吸奶無力、呼吸費力及吞嚥困難，四肢及軀幹嚴重的軟弱無力。第二、三型患者則分別以肌肉無力、呼吸困難或榮利疲勞為主。,"感染(例如吸入性肺炎),胃食道逆流,呼吸衰竭,營養不良等","家族中有脊髓性肌肉萎縮症病史者。,若是夫妻雙方皆為帶原者，則新生兒患病機率為1/4。",小兒科、神經科、神經肌肉聯合照護門診,神經
兒科,輪狀病毒,"嘔吐,水瀉,發燒,腹痛,食慾不振,脫水,排尿減少,口乾舌燥,站立時感到頭暈,眼淚較少,嗜睡,煩躁","脫水,腎臟或肝臟等器官出現問題","5歲以下嬰幼兒,年長者,免疫力低下的成人",腸胃科、小兒科、家醫科、感染科,腸胃
泌尿腎臟,攝護腺癌,"排尿疼痛,排尿困難,頻尿,夜尿,血尿,性功能障礙,勃起困難,射精疼痛,漏尿,背痛,臀部痛,骨盆痛,尿流口徑減小,血精","癌細胞轉移（骨頭、骨髓、淋巴結、肺部、肝臟等）,下肢無力,大小便失禁,病理性骨折","50歲以上的男性。,有前列腺癌家族病史者。","血液腫瘤科,泌尿科",攝護腺
泌尿腎臟,腎結石,"腰痠背痛伴有血尿,頻尿,排尿困難,腹股溝疼痛","腎衰竭,慢性腎盂腎炎,輸尿管水腫,腎水腫,急性腎盂腎炎（甚至腎膿瘍）","30至50歲的男性。,少喝水、常憋尿。,有高胱胺酸症、黃嘌呤尿症、腎小管酸性中毒或原發性草酸鹽沈澱等家族史疾病的人。,痛風病人。","泌尿科,腎臟科",腎
泌尿腎臟,肝癌,"肝區疼痛,乏力,黃疸,腹水,體重減輕,食慾減退,上腹悶脹,噁心嘔吐,腹瀉,咳嗽,咳血,發燒,胸痛,呼吸困難","癌細胞轉移（肺臟、肝臟、腎臟、腦部、骨骼、胰臟、脾臟、橫膈、胃、結腸、網膜、卵巢）,門靜脈高血壓,頑固性腹水","有慢性肝炎病史者。,肝硬化之患者。,酒精性肝硬化，約佔肝癌15％。,少數因遺傳疾病色素性肝硬化或自體免疫性肝炎而引起。","血液腫瘤科,胃腸肝膽科",肝
泌尿腎臟,尿路結石,"腰痛,腎絞痛,腹痛,噁心,嘔吐,血尿,排尿困難,膿尿,發燒,畏寒","腎臟水腫,腎衰竭,尿路感染,腎臟發炎,血尿,敗血症,休克","30~50歲的中年人，男性多於女性。,長坐辦公桌的人。,習慣長時間憋尿的人。,慢性泌尿道感染的患者。,攝護腺肥大的患者。,副甲狀腺機能亢進的患者。,痛風患者。,高溫環境工作者。,家族病史有尿路結石者。",泌尿科,"腎臟,輸尿管,膀胱,尿道"
泌尿腎臟,攝護腺肥大,"排尿困難,排尿無力,頻尿,血尿,尿急,滴尿,尿流中斷,夜尿,疲倦,射精帶血","尿滯留,膀胱功能受損,尿毒症,膀胱結石,腎衰竭,尿路感染,腎水腫","45歲以上的中老年男性。,與遺傳基因有關。",泌尿科,攝護腺
泌尿腎臟,慢性腎臟病（慢腎）,null,"腎性高血壓：腎臟具有調節體液和電解質平衡，慢性腎臟病的病人因為腎功能下降，導致體液積聚，就會導致腎性高血壓。,腎性貧血：慢性腎臟病因為腎功能損傷，連帶導致腎臟所分泌的紅血球生成素減少，影響紅血球生成，引起腎性貧血。,尿毒症：當慢性腎臟病進展到晚期，腎功能完全喪失，身體無法排除廢物和毒素，形成尿毒症。,骨質疏鬆：腎臟功能減退可能影響鈣、磷、維生素D等骨骼代謝物質的平衡，容易出現骨質疏鬆的問題，增加骨折的風險。,高血鉀（高鉀血症）：腎臟是排除體內多餘鉀離子的主要器官，慢性腎臟病的病人會引為鉀排出較少，因而導致高血鉀，尤其在慢性腎臟病第五期（尿毒症）更容易緊急發生的急性問題，會導致心臟的傳導出問題，病人可能出現 肌肉無力和麻痺感、感覺異常、口唇發麻、心跳過緩、換氣過度等問題。血液中的鉀離子升高到7 meq/L時，會感覺心跳變慢、全身無力感，升高到8.0 meq/L時，就有心跳停止、猝死的風險。,心血管疾病：慢性腎臟病患者罹患心臟病和中風的風險較高，可能與高血壓、水腫和腎性貧血等因素有關，如果本身又有其他共病，例如糖尿病或高血脂時，就會增加心血管的風險。,腎性骨病變：慢性腎臟病因為腎臟損害可能導致鈣、磷等骨骼代謝物質的失衡，無法排除血中過多的磷容易引起高血磷，低血鈣和副甲狀腺素（iPTH）分泌增加，長期鈣磷不平衡，誘發副甲狀腺機能亢進，導致骨骼產生病變，稱為腎性骨病變。,感染：慢性腎臟病的病人可能導致免疫功能下降，增加感染性疾病的發生。","糖尿病：糖尿病如果血糖控制不佳，長期處於高血糖的情況下，容易造成周邊血管發生病變，不僅會影響進出腎臟的血流量，還會影響腎絲球的過濾功能，導致腎功能下降。,高血壓；血壓過高會影響腎臟排泄廢物及平衡水分的功能，同時長久還會增加傷害腎絲球的功能，引發腎病變。,痛風：痛風病人如果血液中的尿酸濃度過高時，尿酸會沈聚在腎組織，影響腎功能。,有家族腎臟病史者：尤其是多囊腎的病人，容易有家族史的傾向，家族中若有人患腎臟病，則得到腎臟病的機會較高。,老化：年滿六十五歲後，因為身體器官較易發生退化，腎功能也往往不如年輕時，需格外注意。,生活習慣不佳：如果有酗酒、抽菸、肥胖等不良生活習慣，高鹽飲食和血中膽固醇偏高，日積月累也都會累積傷害腎臟。,自體免疫疾病：部分自體免疫疾病也會攻擊腎臟，引起慢性腎臟病的可能，尤其是紅斑性狼瘡的病人。,長期使用止痛消炎藥，或標示不清的草藥或偏方，都會傷害腎功能。",腎臟科,腎
泌尿腎臟,疝氣,"病灶物有凸出物,有沉悶感,疼痛,噁心,嘔吐,腹脹,腸道阻塞","極少數的肺擴張不全,肺炎,靜脈栓塞,小便困難,膀胱受傷,睪丸受傷,輸精管受傷,手術局部出血,傷口發炎","男性,年長者,長期咳嗽,肥胖（腹肌較弱）,長期便秘者（腹腔壓力較大）,懷孕,家族病史",泌尿外科、一般外科,鼠蹊部、肚臍、其他腹壁位置
泌尿腎臟,攝護腺炎,"攝護腺痛,發冷,發燒,排尿困難,頻尿,血尿,尿道分泌物,尿急,會陰痛,下腹痛,鼠蹊部痛,倦怠,射精疼痛","反覆尿路感染,攝護腺膿瘍,性功能障礙,急性精囊炎,不孕症","30至50歲的男性。,長坐辦公室的上班族。,常憋尿的人。,有尿路感染病史的人。",泌尿科,攝護腺
泌尿腎臟,尿毒症（第五期慢性腎臟病）,"腸胃相關問題：病人容易會有噁心、嘔吐等問題，伴隨食欲不振，有時候患者還會出現不明原因的體重減輕，有時還可以發現消化道出血的問題。,神經相關問題：病人會有疲勞感，嚴重時會有出現認知功能障礙（包含思考與記憶的問題）。,皮膚問題：皮膚容易有搔癢的問題。,呼吸問題：因為體內累積較多的液體，水分較難排出，容易有呼吸短促的問題。,貧血問題（腎性貧血）：腎臟本身是製造紅血球生成球素的器官，當腎功能低下時，紅血球生成素分泌不足，就容易出現貧血而引發疲倦感。,呼吸帶有惡臭味，呼吸中會出現類似尿液的氣味或口腔中的金屬味,皮膚上可能會出現黃白色的晶體，因為汗液中的尿素導致皮膚上出現黃白色晶體。","跟電解質平衡有關的問題：病人可能會出現高血鉀、高血磷的問題：高血鉀會增加心血管疾病的風險；高血磷會刺激副甲狀腺激素的分泌，讓患者容易產生骨骼的問題（腎性骨病變）。因為腎臟無法排出體內過多的酸，容易引起代謝性酸中毒，嚴重會引起庫斯莫爾氏呼吸（Kussmaul's breathing），患者呼吸變深，持續惡化會有失去意識甚至死亡風險。,心血管相關的問題：因為血液中毒素不易排出，容易積聚在人體，也容易導致血管鈣化（硬化），所以各種心臟疾病也容易併發，常見的疾病有：冠狀動脈硬化、心臟衰竭、瓣膜性心臟病、心包膜積水和中風等。,肺水腫：因為腎功能低下，部分患者的水分可能會積累在肺臟，就有機會引起肺水腫。,尿毒性腦病變（腎性腦病）：由於毒素積累在腦部，導致腦功能下降，患者有可能會出現煩躁不安、肌肉顫動、幻覺等症狀，嚴重者還會出現嗜睡、昏迷等症狀。,其他：患者有可能出現營養不良或不孕等問題。","60歲以上的老年人。,長期服用止痛消炎藥的人。,腎臟病家族病史者、泌尿道結石的患者。,患有糖尿病、高血壓等慢性疾病者。",腎臟科,腎臟
泌尿腎臟,尿道炎,"排尿疼痛,灼熱感,分泌物增多,頻尿,血尿,下腹漲痛,發燒,尿液混濁,尿液惡臭","膀胱炎,腎盂炎,子宮頸炎,骨盆腔炎,攝護腺炎,睪丸炎,不孕症,輸卵管阻塞","多重性伴侶者。,女性較男性易得尿道炎。,懷孕的婦女。,糖尿病病患。,須使用導尿管的病患。,患有攝護腺肥大或攝護腺炎的男性。","泌尿科,婦產科,小兒科",尿道
泌尿腎臟,小兒尿道感染,"膿尿,發燒,食慾不振,哭鬧,腹脹,腹瀉,頻尿,排尿疼痛,排尿灼熱感,尿急,腹痛,腰痛,生長遲緩,嘔吐,抽筋,排便習慣改變,尿失禁","腎臟纖維化,高血壓,慢性腎衰竭,敗血症,急性腎盂腎炎","嬰幼兒與兒童，女童較男童易感染。,有經常性便秘的兒童。,先天性泌尿道發育異常的兒童。",小兒科,泌尿系統
泌尿腎臟,隱睪症,"陰囊內摸不到睪丸,陰囊發育差","疝氣,不孕症,睪丸癌,精索扭轉,睪丸纖維化",早產的男嬰。,"小兒科,小兒外科",睪丸
泌尿腎臟,間質性膀胱炎,"夜尿,頻尿,尿急,漏尿,下腹疼痛,焦慮,緊張","膀胱萎縮,膀胱纖維化,腎水腫,腎臟發炎,失眠,腎功能衰竭","30至40歲的女性。,容易焦慮緊張的人。,腸躁症患者。,有膀胱發炎病史者。,吸毒成癮者。","泌尿科,婦產科",膀胱
泌尿腎臟,勃起功能障礙（陽痿）,"陰莖無法勃起,勃起硬度不足,不射精,早洩,射精疼痛","攝護腺肥大,糖尿病,冠狀動脈性心臟病,憂鬱症,焦慮症","長期嚼食檳榔、吸菸、酗酒者。,有糖尿病、高血壓、高血脂、高血糖、腎臟病、肥胖、心血管疾病的患者。,前列腺疾病患者。,有長期壓力的人。,長期熬夜者。,40歲以上的男性。,容易緊張焦慮的人。",泌尿科,陰莖
泌尿腎臟,急性腎功能衰竭,"發燒,惡心,嘔吐,食慾不振,腸胃道不適,水腫,高血壓,呼吸急促,頭痛,抽搐,痙攣,神智混亂,昏睡,昏迷,脫水","慢性腎功能衰竭,休克,死亡","60歲以上的老年人。,患有糖尿病、高血壓、心臟病等疾病的人。",腎臟科,腎
泌尿腎臟,熱傷害,"肌肉痙攣,肌肉疼痛,暫時性暈厥,大量出汗,疲倦,身體全身無力,頭暈,頭痛,說話喘,血壓降低,臉色蒼白,體溫升高","休克,心臟衰竭,心跳停止,多重器官衰竭,橫紋肌溶解,瀰散性血管內凝血,瞻妄症,意識改變,癲癇,昏迷","需於高溫環境中工作的勞動者,年長者,兒童,慢性病患者（如心臟病、高血壓、糖尿病或腎臟病等）",急診科、家庭醫學科,全身
泌尿腎臟,腎絲球腎炎,"腰痛,腰酸,貧血,食慾不振,眼皮浮腫,下肢水腫,高血壓,疲倦,蛋白尿,血尿,少尿,視力減退,噁心,嘔吐,頭暈","尿毒症,慢性腎衰竭,急性腎衰竭,視網膜病變,腎病症候群","男性多於女性。,50歲以上的中老年族群。,高血壓患者。",腎臟科,腎
泌尿腎臟,出血性膀胱炎,"血尿,膀胱疼痛,膀胱痙攣,排尿疼痛","尿道阻塞,巨觀血尿,尿滯留","接受化學治療的病患。,膀胱腫瘤、攝護腺癌、子宮癌、子宮頸癌或直腸癌的患者。,接受骨盆放射線治療的病患。",泌尿科,膀胱
泌尿腎臟,腎盂腎炎,"腰痛,排尿疼痛,畏寒,發燒,頻尿,排尿灼熱,夜尿,尿急,噁心,嘔吐,膿尿,菌尿,血尿,蛋白尿","尿毒症,腎臟纖維化,腎結石,腎功能不全,敗血,休克,腎臟衰竭","先天或後天泌尿道結構異常患者。,糖尿病或免疫不全患者。,習慣性憋尿者。,女性。,使用尿管或接受侵入性泌尿道檢查的患者。","腎臟科,感染科",腎
泌尿腎臟,腎炎,"腰痛,膿尿,菌尿,發燒或伴有頻尿,尿急,排尿灼熱感,血尿,蛋白尿或伴有下肢水腫,眼皮浮腫,高血壓,夜尿,寡尿","腎功能不全（嚴重至尿毒症）,敗血症,休克","生育年齡的女性。,老人。,糖尿病、高血壓、痛風患者。,長期服用消炎止痛成藥、不明成分之中草藥物或偏方者。,有家族腎臟病史者。,有腎或泌尿道結石或結構異常者。",腎臟科,腎
泌尿腎臟,膀胱癌,"無痛血尿,頻尿,排尿困難,膀胱炎,尿路感染,膀胱出口阻塞,腎絞痛,體重減輕,腹痛,骨頭痛,貧血","癌細胞轉移（腹腔、淋巴結、骨骼、肺臟等器官）,腎衰竭","50歲到70歲的中老年男性。,家族病史有膀胱癌者。,美髮從業人員及經常染髮者。","血液腫瘤科,泌尿科",膀胱
泌尿腎臟,尿失禁,"漏尿,頻尿,急尿,解尿困難","尿布疹,泌尿道感染,蜂窩組織炎,失眠,憂鬱症","年齡較大的人。,自然產生過2胎以上的婦女。,生產時間較長的婦女。,胎兒體重超過3600公克以上的產婦。,中樞神經系統疾患者。,有長期咳嗽、氣喘、肺氣腫等慢性呼吸道疾病的人。,懷孕的婦女。,肥胖者。,患有泌尿道感染的人。","泌尿科,婦產科","膀胱,尿道"
泌尿腎臟,膀胱過動症,"尿急,頻尿,夜尿,漏尿","尿失禁,失眠,憂鬱症","40歲以上的女性。,自然產生過2胎以上的婦女。,肥胖者。,患有泌尿道感染的人。,糖尿病患、攝護腺肥大患者。,有飲酒習慣的人。","泌尿科,婦產科",膀胱
泌尿腎臟,腎囊腫,"腎臟疼痛,血尿,腰痛,腰部腫塊,發燒,倦怠,頻尿,蛋白尿,貧血","腎臟結石,尿毒症,心臟僧帽辦脫垂,高血壓,腦內血管瘤,肝臟囊腫,卵巢囊腫,胰臟囊腫,脾臟囊腫,肝門脈高壓,肝纖維化,腎積水","50歲以上中老年人。,腎衰竭患者。,接受洗腎的病患。,有家族遺傳病史的患者。",腎臟科,腎
泌尿腎臟,腎積水,"排尿不順,血尿,水腫,腰痠,腰痛,蛋白尿,貧血,疲倦","腎衰竭,敗血症,休克,急性腎盂腎炎,尿毒症,高血壓,腎結石","有攝護腺肥大的患者。,習慣長時間憋尿的人。,男性多於女性。",水腎症,腎
泌尿腎臟,輸精管阻塞,"無精子,射精疼痛,射精無力","不孕症,阻塞性無精症",null,泌尿科,輸精管
泌尿腎臟,包莖,"包皮粘黏,排尿增加,包皮紅腫,排尿困難,包皮腫大","陰莖發育不良,陰莖發炎,包皮炎,勃起困難,陰莖癌,排尿困難,膀胱炎,腎盂腎炎,前列腺炎,陰道炎","衛生習慣不佳者。,先天包皮、陰莖結構異常者。",泌尿科,"陰莖,包皮"
泌尿腎臟,睪丸炎,"發燒,發冷,無力,蛋白尿,睪丸紅腫,睪丸疼痛,陰囊腫脹","不孕症,陰囊積水","流行性腮腺炎的患者。,肺結核患者。,有攝護腺肥大、癌症或尿道狹管並合併泌尿道感染者。",泌尿科,"睪丸,副睪"
泌尿腎臟,睪丸扭轉,"睪丸疼痛,陰囊紅腫,噁心,嘔吐","丸萎縮,睪丸腫大,睪丸動靜脈栓塞,睪丸壞死,不孕症","12至18歲的男性。,2歲以下的新生兒及早產兒。",泌尿科,睪丸
泌尿腎臟,精索靜脈曲張,"睾丸疼痛,陰囊墜痛","睾丸萎縮,不孕症","15至35歲的男性。,精索靜脈構造不健全的人。",泌尿科,"陰囊,睾丸"
大腦與神經,失智症,"記憶障礙,語言障礙,行為重複,被害心理,算術能力喪失,迷路,日夜顛倒,憂鬱,幻覺,妄想,偏執,無法自我照顧,步伐不穩,個性改變,情緒不穩","憂鬱症,中風,腦血管二度病變,肺炎,泌尿系統感染,敗血症,骨折","六十五歲以上的高齡人士。,具有失智症家族病史的人，父母親或兄弟姊妹曾患有阿茲海默症等退化性失智症或血管性失智症，相對一般人病發的風險較高。,巴金森氏症患者，罹患失智症的風險較一般同齡者高。,罹患心血管疾病、高血壓、糖尿病、高膽固醇者，或曾有中風病史與家族史的人，引發血管性失智症的可能性也高。尤其中風患者是高危險群。,腦部曾受創傷或感染的人。,長期處於憂鬱，極少參與社交活動的人。,長期抽菸的人，認知功能退化的速度較快。","身心精神科,神經科,家醫科,老年醫學科",腦部
大腦與神經,不寧腿症候群,"睡眠中斷,睡不安穩,腿部不適,腿部感覺異常,腿部針刺感,腿部搔癢感,腿部牽拉感,腿部痛感,蟲爬感,雙腿抽動,雙腿麻痛","睡眠障癌,憂鬱症,心血管疾病,腦中風,高血壓,糖尿病,肥胖","代謝障礙：如腎功能不全、糖尿病、缺鐵性貧血的病患。,神經疾患：周邊神經病變者、偏頭痛、高位脊髓疾患、多發性硬化症、巴金森氏症。,藥物使用：如長期使用抗組織胺、抗精神病、抗癲癇藥物、抗憂鬱藥物或止吐藥物等。酒精使用也有相關。,遺傳因素：部分的不寧腿症候群患者，具有家族遺傳史。,懷孕媽媽。",神經科、胸腔內科（睡眠門診）,幾乎所有患者都有下肢症狀，分佈從足部、小腿、大腿均有可能；部分患者上肢也有症狀；少數患者有軀幹症狀。
大腦與神經,失語症,"說話詞不達意暢,說話（寫字）不流,說話文法錯誤,咬字不清晰,無法聽（讀）懂他人的意思,自言自語,聽不進他人的話語,無法言語,無法正確地使用詞彙",null,"腦中風患者,頭部外傷患者,腦瘤患者",神經內科、復健科,心理
大腦與神經,譫妄症,"反應遲鈍,注意力不集中,幻覺,記憶障礙,自我定位障礙,妄想,情緒不穩定,震顫,癲癇,胡言亂語,晝夜顛倒,失眠,失憶,昏睡","褥瘡,呼吸系統感染,泌尿系統感染,口腔潰瘍,角膜潰瘍","六十五歲以上高齡男性，且本身行動不便、營養不良、脫水、視覺或聽覺功能退化等狀況。,已帶有認知功能方面疾病的人，例如失智症、巴金森症患者。,過去曾有譫妄病史的人。,長期酗酒的人。,具有嚴重疾患、多重慢性病或服用多種藥物的。,接受大型手術住院病患，或長期待加護病房的病患。","身心精神科,老年醫學科",腦部
大腦與神經,巴金森氏症,"疲倦,肌肉痠痛,抽筋,手腳顫抖,肢體僵硬,無力,關節痛,彎腰曲背,動作遲緩,面無表情,口齒不清,音調呆板,吞嚥困難,缺乏平衡感,頭暈,便祕,胃脹,夜晚頻尿,排尿困難,多汗,心悸,皮膚潮紅,性功能障礙","褥瘡,骨折,腦膜下腔出血,失智症,憂鬱症,焦慮症,妄想症,異動症,肌張力不全,睡眠障礙,呼吸系統感染,肺炎,支氣管炎,腸胃炎,心功能衰竭,敗血症","中老年人，發生率隨年齡增加而遞增。六十歲以上發病人口占1%，七十至七十九歲再略增為1.5%。,家族成員中已有巴金森氏症病史的人。,生活或工作環境中受到錳及其他金屬汙染的人，如製鋼、焊接、電池工廠、印刷、木料染色、纖維漂白等。,暴露在使用農藥的耕作環境、或長期食用遭農藥汙染之食品的人。,頭部曾受嚴重外傷、感染病毒或細菌、長腦瘤的人，也容易產生類似巴金森症狀的現象。,吸食毒品或藥物濫用者。","神經科,復健科,老年醫學科","腦部,四肢"
大腦與神經,腦瘤,"頭痛,癲癇,抽搐,頭暈,噁心,嘔吐,視力模糊,肌肉協調感減退,平衡感變差,感覺異常,失語症,性格改變,神智不清,語言障礙,記憶力衰退","認知功能障礙,內分泌失調,腦水腫,神經功能減損,腦出血","3-12歲兒童,40-70歲成人,從事某些特定工作的人，例如頻繁接觸化學藥劑之從業人員、防腐劑處理人員、藥廠員工、加油站員工等,長期暴露於放射線環境中者",神經外科,腦部
大腦與神經,龐貝氏症,"四肢活動力差,頭部控制力差,心臟肥大,肝臟腫大,舌頭肥大,呼吸困難,呼吸系統受損,逐漸肌肉無力,行動時感到疲憊,心臟受損,呼吸短促,睡眠中呼吸暫停症候群,嗜睡,早晨性頭痛",─,罹病關鍵來自父母的基因。若父母雙方都是帶因者，生下的子女有25%的機率罹患龐貝氏症。,"需要跨科醫療含(小兒與成人)：,遺傳科,神經科,心臟科,胸腔科,胃腸肝膽科,骨科,復健科,耳鼻喉科",肌肉，不同部位的肌肉功能會因為疾病而逐漸退化。
大腦與神經,思覺失調症,"幻覺,幻聽,妄想,胡言亂語,言語片段,疏離人群,退縮,情感冷漠,攻擊,破壞,自殘,思考障礙,注意力無法集中,睡眠障礙","心血管疾病,肝病,糖尿病,發胖","好發於18-25歲之間，家族中已有精神分裂症病史的人。,體質異常者，體內多巴胺濃度高過正常值許多，導致腦內化學作用產生變異。,藥物及毒品濫用的人。,精神和情緒壓力過大的人。,在家庭成長背景中曾經歷嚴重問題的人，例如父母離異、過度情緒化的教育方式、家庭成員間的失和等。",身心精神科,腦部
大腦與神經,躁鬱症,"亢奮,易怒,不想睡,多話,失焦,激躁不安,情緒起伏大,情緒低落,疲倦,無力,無價值感,罪惡感,想自殺,注意力不集中,食慾改變","注意力不足過動症,失眠,飲食障礙症,溼疹,乾癬,甲狀腺疾病,腦炎","好發於年輕族群，十五至二十五歲之間的青少年。,家族病史或個人病史中已有罹患躁鬱症案例之人。,成長環境中壓力過大且缺乏社會支持的人。,早期人格發展經驗心理受創者，如父母離婚、驟逝、或曾受虐待、管教過嚴等。",身心精神科,腦部
大腦與神經,自律神經失調,"頭痛,頭暈,胸悶,心悸,腸胃道不適,呼吸急促,冒汗,手腳發抖,肩頸肌肉緊張痠痛,耳鳴,手腳發麻或是同時伴隨心理上的失控感，甚至擔心自己即將死亡","失眠,憂鬱症,焦慮症,其他身心症","憂鬱症患者,焦慮症患者,完美主義或高自我要求者,情緒敏感者",精神科、身心科,全身
大腦與神經,恐慌症,"心跳加速,呼吸急促,害怕,焦慮,暈眩,頭痛,反胃,顫抖,冒冷汗,吞嚥困難,胸痛,胸悶,灼熱,指尖麻痺,失控","憂鬱症,畏懼症,懼曠症,高血壓,原發性心肌肥大症,甲狀腺機能亢進,睡眠障礙,飲食障礙","家族病史或個人病史中已有罹患恐慌症案例之人。,個性較內向，於生活上容易積蓄長期的壓力未能抒發的人。,神經敏感，容易緊張，對事或對人容易有預期性焦慮者。,完美主義性格，責任心與好勝心強的人。,社經地位較高，事業心重的人。,容易受外界影響的人，如在面對負面新聞充斥媒體的現代，帶著深信不疑的態度接收所有訊息，不予以過濾，很容易造成非常態的恐慌及聯想。",身心精神科,心理
大腦與神經,神經衰弱症,"精神倦怠,容易疲勞,腦力遲鈍,健忘,失眠,難入睡,多夢,易怒,躁動,缺乏耐心,頭痛,頭脹,頭暈目眩,耳鳴,肩頸僵硬,腰痠背痛,手腳痛,胸悶,食慾差,頻尿,腹瀉,消化不良,多汗,心跳加快,肌肉緊繃,注意力不集中,記憶力衰退","陽痿,早洩,月經失調,自律神經失調,焦慮症,憂鬱症,慮病症,恐慌症,強迫症","20至50歲的白領階級，重腦力工作者。,經常熬夜、作息不規律，或本身有失眠問題的人，睡眠不充足對腦神經傷害極大。,身兼數職的職業婦女，長期下來不僅體力透支、心神也會變得過度慢性疲勞。,處在競爭激烈環境之中，神經過度緊繃的人。,煩惱多、情緒壓力過大的人。,居住或工作環境經常變換，生活不安定的人。,本身罹患其他慢性疾病，長期身體的不適對腦神經細胞的過度刺激也易誘發神經衰弱，例如前列腺炎患者。","身心精神科,神經科","腦部,神經系統"
大腦與神經,顏面神經麻痺,"臉歪嘴斜,無法閉眼,眼睛乾澀,臉部麻痺,口水外流,抬頭紋消失,溢淚,味覺異常,聽覺異常","顏面神經功能不全,曝露性角膜炎",免疫力差的慢性病患。,神經科,臉
大腦與神經,強迫症,"強迫聯想,重複回憶,重複疑慮,反覆檢查,強迫洗滌,強迫計數,動作儀式化,強迫思考,思維對立化,焦慮","憂鬱症,躁鬱症,失眠,恐慌症,社交恐懼症","課業壓力過重的學生族群，尤以資優生發病率最高。,自我要求過嚴及完美主義的強迫性格者。,情緒較一般人敏感脆弱的人，個性偏內向、膽怯、怕犯錯、對自我能力缺乏自信心，遇事過度謹慎、容易自責、悲觀。",身心精神科,心理
大腦與神經,厭食症,"體重驟降,拒食,暴食,噁心,嘔吐,反胃,腹脹,疲倦,便祕,全身無力,精神抑鬱,暈眩,喘氣,心律不整,畏寒,低溫,貧血","憂鬱症,社交畏懼症,強迫症,腸胃機能失調,內分泌失調症候群,代謝失調,骨質疏鬆症,不孕症,低血壓,心臟病,低血糖,尿崩症,腎結石,多重器官衰竭,營養不良,電解質不平衡,脫水,月經停止","十二至二十歲左右的青春期少年，女男比例為十比一，過分在意身體形象、積極尋求同儕認同。,因職業需求需要不斷維持纖瘦身材的人，不分男女，如演員、舞者、模特兒、或騎師、舉重、柔道、摔角選手等運動員，亦有較高的罹病率,而多數患者的社經地位又屬於中上階層。,非常害怕變胖，經常想用各種方式減肥瘦身的人。,長期處在壓力大的環境之下，情緒焦慮、憂鬱的人。,個性上屬於固執與完美主義，對身體有較多負面評價與強迫行為的人。,本身罹患特殊生理疾病如癌症患者，疾病造成的疼痛或因藥物治療產生的副作用，易併發厭食症。,藥物濫用者，多數毒品如安非他命或古柯鹼的副作用之一就是造成食慾驟減，長期倚賴將引發厭食症。",身心精神科,心理
大腦與神經,妄想症,"頭暈,心神不寧,被害妄想,狂熱,疑神疑鬼,失眠,憂鬱,嫉妒,惱羞成怒,跟蹤,騷擾,襲擊","失智症,憂鬱症,躁鬱症","40歲以上。老年妄想症則多為60歲以上且罹患失智症的人，尤其重度失智症，好發率約五成。,重度憂鬱症患者，嚴重時很容易併發毀滅、自罪或被害等妄想症。,妄想性人格者，個性過分敏感、多疑、固執不知變通，對人缺乏基本的信賴感。,慢性酒精中毒者，好發酒精性妄想症狀如嫉妒妄想、自大妄想。,內向、孤僻，極少與外界接觸的人，例如獨居或守寡。,社經地位低、生活壓力過大、失業、無家可歸者，比一般人更容易病發妄想性精神病。",身心精神科,心理
大腦與神經,眩暈症,"頭暈,耳鳴,身體失去平衡,感覺快昏倒,感覺周圍空間及景物晃動","噁心,嘔吐,冒冷汗","1.引起眩暈症的疾病中，前庭神經炎好發於30 – 60 歲的中年人；梅尼爾氏症則好發於30-50 歲,2.作息不規律、生活壓力大、時常處於焦慮中者",耳鼻喉科、一般內科、神經科、神經內科,頭部
大腦與神經,癲癇症,"全身性強直陣攣發作,突然倒地,喪失意識,口吐白沫,四肢抽搐或僵直,大小便失禁,失神發作,目光遲滯,雙眼無神或眨眼,暫停言語,對於旁人的呼喚沒有反應,全身肌肉無力,肌抽躍發作,身體及四肢肌肉抽搐，抖動幅度會漸強","譫妄症,情緒障礙,認知功能障礙,憂鬱症,焦慮症,嗆傷","新生兒及孩童,65歲以上老人,腦組織受損傷者",神經內科、神經科、癲癇科,腦部
大腦與神經,熱傷害,"肌肉痙攣,肌肉疼痛,暫時性暈厥,大量出汗,疲倦,身體全身無力,頭暈,頭痛,說話喘,血壓降低,臉色蒼白,體溫升高","休克,心臟衰竭,心跳停止,多重器官衰竭,橫紋肌溶解,瀰散性血管內凝血,瞻妄症,意識改變,癲癇,昏迷","需於高溫環境中工作的勞動者,年長者,兒童,慢性病患者（如心臟病、高血壓、糖尿病或腎臟病等）",急診科、家庭醫學科,全身
大腦與神經,三叉神經痛,"臉部疼痛,咀嚼肌痙攣,臉部灼熱,臉部電擊感,單側頭痛","顏面麻木,臉部肌肉抽搐,臉歪嘴斜",40歲以上的中老年女性。,神經科,臉
大腦與神經,坐骨神經痛,"腰痛,下肢刺痛,灼熱感,麻痺感,觸電感,腿部無力,肌肉萎縮","馬尾症候群,性功能障礙,下肢癱瘓,神經根損傷,脊髓損傷,腰椎狹窄症候群","25~50歲的青壯年族群，尤其是需久坐辦公室或長時間使用電腦、長期站姿、坐姿不良者。,老年人因脊椎退化，亦是坐骨神經痛的好發族群。,從事搬運重物、體力勞動的工作者。,遭受外傷如骨折，或腰部病變、骨盆腔腫瘤，也可能造成坐骨神經痛。","骨科,神經科,復健科","下背部,臀部,大腿,小腿,足踝"
大腦與神經,椎間盤突出,"下背痛,腰痛,臀部痠痛,背部僵硬,坐骨神經痛,上下肢體肌肉痙攣,深部肌腱反射減弱,大小便失禁,下肢酸麻,腿部肌肉無力萎縮,行走困難","坐骨神經痛,馬尾症候群,性功能障礙,下肢癱瘓,神經根損傷,脊髓損傷,腰椎狹窄症候群","年齡30~50歲的青壯年族群，椎間盤彈性開始遞減、容易發生椎間盤退化。男性發生率高於女性，因男性從事勞動工作的比例高於女性，腰椎負荷亦較高，長期下來，便容易發生椎間盤退化。,需大量運用腰部力量的運動選手，如舉重、體操等。,從事須長時間搬運重物的職業、長期彎腰勞動的工作者。,受到運動傷害及突發性的外力撞擊，如車禍。,肥胖、過重、小腹凸出或孕婦等腰椎承受壓力較大者。,長期彎腰駝背、頸椎前傾，姿勢不正確者。,腹肌、背肌等核心肌群的肌力較弱者。因椎間盤受到的支持不足，較容易發生椎間盤突出。","骨科,神經科,復健科",脊椎
大腦與神經,運動神經元病,"肌肉萎縮,肌肉抽動,四肢無力,吞嚥困難,說話困難,口齒不清,肢體僵硬,全身癱瘓",呼吸衰竭,40～60歲的中老年人。,神經科,肌肉
大腦與神經,日落症候群,"意識混亂,躁動,踱步,具有攻擊性,不安,焦慮,沮喪,遊走,注意力不集中,尖叫,產生幻覺","躁動,不安,焦慮,胡言亂語","一、各種失智症患者，包含罹患阿爾茲海默氏症的失智症長者。,二、急、慢性意識混亂的長者。",精神科、神經科,精神行為表現
大腦與神經,肝昏迷（肝性腦病變）,"日夜顛倒,性格轉變,語言能力減退,肌肉抽搐抖動,反應遲頓,目光呆滯,嗜睡,精神混亂,口中有肝病異味,意識混亂,昏迷,智力退化",腦水腫,"肝硬化患者,肝癌患者,猛爆性肝炎患者,B肝、C肝患者",肝膽胃腸科,肝臟
大腦與神經,兒童顱咽管瘤,"視力衰退,視野缺損,視神經萎縮,失明,生長發育遲緩,長不高,肥胖,性遲熟,性早熟,尿崩,嘔吐,視乳頭水腫,大頭（嬰幼兒）,頭痛","中樞性高熱,意識障礙,尿崩症,循環衰竭,癲癇,消化道出血,無菌性腦膜炎,視力障礙,腦下垂體功能低下",null,兒童神經外科、腦神經外科、腫瘤科,蝶鞍上及腦下垂體附近
大腦與神經,常壓性水腦症,"步態不穩,腳板如被地板黏住,走路步距變小,起步或轉身困難,認知或行為功能異常,記憶力衰退,思考遲緩,反應緩慢,頻尿,急尿,尿失禁,大便失禁,嗜睡,人格改變","管路阻塞,腦出血,硬腦膜下出血,中樞神經系統感染,癲癇,腦脊髓液引流量不平衡",null,神經內科、神經外科,腦部
大腦與神經,脊髓性小腦萎縮症,"身體顫抖,動作變緩,動作精準度降低,步態不穩,易跌倒,行走時雙腳外開,眼球轉動異常,講話不清,吞嚥困難,學習、記憶等功能退化","智能減退,癲癇",有脊髓小腦萎縮症家族病史者，顯性遺傳機率達50%,神經內科,中樞神經
大腦與神經,神經母細胞瘤,"症狀與腫瘤位置有關（如在肚子內、胸腔、脊髓內、腎上腺內，會引起不同症狀）,肚子腫大,呼吸困難,下肢麻痺,四肢無力,步態不穩,貧血,高血壓,頭痛,潮紅,盜汗","癌細胞轉移（骨髓、骨頭、肝臟、軟組織、遠處淋巴結、腦部、皮膚、肺臟、肝臟及皮膚）,淋巴結腫大,肝腫大,上眼瞼下垂,上下眼瞼附近之瘀斑（熊貓眼）",10歲以下幼童，約一半的腫瘤好發於二歲以下，男童多於女童。,血液腫瘤科,"腎上腺,神經"
大腦與神經,神經纖維瘤,"皮膚咖啡牛奶斑,腋下或腹股溝雀斑,皮膚腫瘤,身體腫瘤,神經纖維瘤,前庭神經鞘瘤,虹膜色素缺陷瘤,視神經膠瘤,頭大身短,骨骼及軟組織異常增生,蝶骨缺陷,長骨皮質薄化,耳鳴,早衰性白內障","心血管缺陷,聽覺喪失,平衡感喪失,白內障,失明,內分泌系統疾患,白血病,嗜鉻細胞瘤,腦部腫瘤,惡性腫瘤,脊髓病變,認知功能障礙,學習障礙,生長遲緩,癲癇,高血壓,便秘,骨質疏鬆,脊柱側彎,假性關節",有神經纖維瘤家族史，尤其是一等血親中有此疾病者。,神經科,"皮膚,皮下組織,神經,骨骼"
骨科與肌肉,骨質疏鬆症（骨鬆）,"易骨折,脊椎壓迫性骨折,腕骨骨折,髖骨骨折",失能,"七十歲以上的年長者。,停經女性，根據統計，五十到六十歲的女性骨質量平均會減少25%，而同年齡男性的骨質量僅減少12%，明顯女性較男性嚴重。,具遺傳體質，家族中有骨質疏鬆症病史的人。,具不良飲食習慣或生活型態者。,長期濫用類固醇藥物的人。,罹患特殊疾病患者如甲狀腺機能亢進、糖尿病、肝臟病或洗腎病人，以及性腺功能不足者，如早發性停經的人。,經常減重、體重過輕的人。,未生產過的婦女。","骨科,風溼過敏免疫科",骨骼
骨科與肌肉,退化性關節炎,"關節酸痛無力,關節僵硬,足踝疼痛,腰痠背痛,蹲下站起困難,關節腫大積水,關節變形,骨刺生成","肢障,跛行","60歲以上的老年人，70 至 74 歲之間為高峰，女多於男。,體重過重者。,先天關節結構發育不良。,創傷或曾接受過切除性關節手術。,有遺傳病史者。,不當之生活型態，如抽菸、喝酒等。",骨科;復健科,關節軟骨
骨科與肌肉,足底筋膜炎,"小腿緊繃,腳跟疼痛,腳底按壓疼痛",null,"運動員；跑步、爬山等過度運動者。,需要長時間步行、站立的工作者。,4、50歲以上身體機能自然退化。,先天足弓生長異常者，例如扁平足（足弓過小）、空凹足（足弓過大）等。,過於肥胖者，足跟負重過大者。,常穿高跟鞋；或沒有穿對鞋。","骨科,復建科","腳底足弓,腳跟"
骨科與肌肉,痛風,"急性關節炎,腳大姆指關節（或其它關節）紅腫及灼熱劇烈疼痛,多個關節發炎,關節僵直,關節變形,腎臟或軟組織內結石","高血壓,心肌梗塞,心臟病,腦梗塞,泌尿系統結石,腎病變,尿毒症,腦中風,心血管疾病","男性,肥胖,40歲以上,停經婦女,代謝異常,有痛風家族史,酗酒,腎功能不全,高血壓,進食過多富含嘌呤的食物,接觸環境中的鉛,接受過器官移植",風濕免疫科,四肢
骨科與肌肉,龐貝氏症,"四肢活動力差,頭部控制力差,心臟肥大,肝臟腫大,舌頭肥大,呼吸困難,呼吸系統受損,逐漸肌肉無力,行動時感到疲憊,心臟受損,呼吸短促,睡眠中呼吸暫停症候群,嗜睡,早晨性頭痛",─,罹病關鍵來自父母的基因。若父母雙方都是帶因者，生下的子女有25%的機率罹患龐貝氏症。,"需要跨科醫療含(小兒與成人)：,遺傳科,神經科,心臟科,胸腔科,胃腸肝膽科,骨科,復健科,耳鼻喉科",肌肉，不同部位的肌肉功能會因為疾病而逐漸退化。
骨科與肌肉,類風濕性關節炎,"倦怠虛弱,精神不濟,食慾不振,體重減輕,關節紅腫熱痛,晨僵現象關節僵硬,關節變形,肌肉萎縮,皮下結節,類風濕結節,發燒,肌腱炎,肌腱斷裂,滑膜炎",乾眼症,"40歲以上中壯年族群，女性較男性易罹患此病（男女比例約為1：3）。,白種人較黃種人的盛行率為高。,有類風濕性關節炎家族史者，罹病機率會增加。,吸菸者是已知的環境誘發因子。",風濕過敏免疫科,"四肢周邊關節,肌肉,肌腱,皮膚,眼睛,心臟,肺臟,血管,神經"
骨科與肌肉,僵直性脊椎炎,"下背痛,臀部酸痛,胸痛,晨僵,疲勞,體重減輕,手指腳趾腫脹疼痛,運動範圍受限,肌腱或韌帶與骨骼交接處發炎,上下肢關節炎,眼睛紅痛,視力模糊,畏光,駝背",葡萄膜炎,"男性較女性易罹患此病，男女比例約為3：1。,20～40歲的青壯年族群。,有僵直性脊椎炎家族史者，罹病機率會增加。",風濕過敏免疫科,"脊椎,薦腸骨關節,脊椎周邊肌腱韌帶"
骨科與肌肉,拇趾外翻,"腳痛,腳掌不穩,骨骼和關節歪斜,Ｏ型腿,膝蓋痛,肩膀痠痛,腰痛,偏頭痛,自律神經失調",null,"中年女性,長時間穿高跟鞋或尖頭鞋者",骨科、復健科,四肢
骨科與肌肉,腕隧道症候群,"手麻,刺痛,腫脹灼熱,手痠無力,手指動作障礙","大拇指基部肌肉萎縮,神經永久性損傷","長期反覆使用手腕做屈伸動作的人，如工廠作業員、機車族、電腦族、機械技工、木匠、肉販、麵包師傅、洗碗工或家庭主婦等。,五十歲前後的更年期婦女，因體內荷爾蒙變化，導致腕管內肌腱滑膜腫脹而引發。,女性因天生生理構造的差異，腕隧道較細，發病率高出男性三到十倍。,糖尿病患者，易併發各種神經與結締組織病變，包括腕隧道症候群。,孕婦，懷孕期間容易引發全身性水腫，連帶提升腕隧道內的壓力而引發。,過度肥胖者，腕部周邊軟組織較為肥厚，易壓迫到正中神經。,洗腎病患，長期透析病患常會發生類澱粉沉積症，沉著在腕關節後便會併發腕隧道症候群。","復健科,骨科,神經科,一般外科",腕部關節
骨科與肌肉,半月軟骨破裂（半月板破裂）,"膝蓋腫脹,膝蓋僵硬,膝蓋疼痛,膝蓋異常聲響,膝蓋活動不順,蹲下困難,伸直困難","股四頭肌萎縮,退化性關節炎","從事激烈運動，如籃球、足球、柔道等。尤以男性居多。,遭受外力撞擊或車禍外傷，尤其騎機車。,退化性膝關節炎患者。",骨科,膝關節軟骨
骨科與肌肉,扁平足,"足弓消失,腳踝內側疼痛腫脹,韌帶鬆弛,膝外翻,骨盆前傾,肌肉無力,後腳跟過緊,無法單腳站立,腳痠,易跌倒,易扭傷","慢性足部肌肉拉傷,足底筋膜炎,蹠痛,肌腱炎","3~6歲嬰幼兒,糖尿病患,肥胖者,長期服用類固醇藥物者",復健科、骨科,四肢
骨科與肌肉,坐骨神經痛,"腰痛,下肢刺痛,灼熱感,麻痺感,觸電感,腿部無力,肌肉萎縮","馬尾症候群,性功能障礙,下肢癱瘓,神經根損傷,脊髓損傷,腰椎狹窄症候群","25~50歲的青壯年族群，尤其是需久坐辦公室或長時間使用電腦、長期站姿、坐姿不良者。,老年人因脊椎退化，亦是坐骨神經痛的好發族群。,從事搬運重物、體力勞動的工作者。,遭受外傷如骨折，或腰部病變、骨盆腔腫瘤，也可能造成坐骨神經痛。","骨科,神經科,復健科","下背部,臀部,大腿,小腿,足踝"
骨科與肌肉,椎間盤突出,"下背痛,腰痛,臀部痠痛,背部僵硬,坐骨神經痛,上下肢體肌肉痙攣,深部肌腱反射減弱,大小便失禁,下肢酸麻,腿部肌肉無力萎縮,行走困難","坐骨神經痛,馬尾症候群,性功能障礙,下肢癱瘓,神經根損傷,脊髓損傷,腰椎狹窄症候群","年齡30~50歲的青壯年族群，椎間盤彈性開始遞減、容易發生椎間盤退化。男性發生率高於女性，因男性從事勞動工作的比例高於女性，腰椎負荷亦較高，長期下來，便容易發生椎間盤退化。,需大量運用腰部力量的運動選手，如舉重、體操等。,從事須長時間搬運重物的職業、長期彎腰勞動的工作者。,受到運動傷害及突發性的外力撞擊，如車禍。,肥胖、過重、小腹凸出或孕婦等腰椎承受壓力較大者。,長期彎腰駝背、頸椎前傾，姿勢不正確者。,腹肌、背肌等核心肌群的肌力較弱者。因椎間盤受到的支持不足，較容易發生椎間盤突出。","骨科,神經科,復健科",脊椎
骨科與肌肉,骨肉瘤,"摸到腫塊,疼痛,夜間疼痛,痠痛",null,"10-25歲青少年,50歲以上年長者",骨科,四肢
骨科與肌肉,肌腱炎,"疼痛,紅腫,發熱,麻木,僵硬,無力","水腫,肌肉萎縮","曾遭受嚴重的外力創傷者，如車禍的撞擊拉扯或摔傷，造成骨關節錯位、肌腱發炎甚至肌腱斷裂。,職業運動員，長期劇烈的運動使特定部位的肌腱受壓過度，如馬拉松賽跑造成足跟阿基里斯肌腱炎、短跑或跳遠引發膝蓋肌腱炎、特殊球類運動的網球肘與高爾夫球肘等。,因故需經常維持同一姿勢的人，如坐辦公室的電腦族、機車族、勤做家事及抱小孩的媽媽、機械操作員、扛重物的搬家工、瓦斯送貨員、水泥工等。,罹患風濕病，如類風濕性關節炎、僵直性脊椎炎患者，以及糖尿病、腫瘤患者，也都容易誘發肌腱炎。","復健科,骨科,一般外科,神經科","肌腱,關節"
骨科與肌肉,髖部骨折,"鼠蹊部劇痛,髖部劇痛,翻身困難,無法站立,無法負重,行走困難,長短腳,下肢外翻","褥瘡,泌尿系統感染,壓力性消化道潰瘍,永久行動不便,長期臥床,死亡","六十五歲以上的年長者，且年齡越高、跌倒造成髖關節骨折的機率越大。,停經婦女、本身罹患骨質疏鬆症，或家族中有骨質疏鬆症病史的人；女性機率高過男性。,罹患其他老年疾病如失智症、巴金森氏症的患者。,體重過重的人。,曾經髖關節骨折的老人，有半數可能會再二度骨折。","骨科,一般外科","臀部,髖部"
骨科與肌肉,骨髓炎,"骨頭疼痛,肢體腫脹,發燒,畏寒","敗血症,病理性骨折,感染性關節炎,慢性骨髓炎","外傷開放性骨折病患。,免疫功能低下者，如糖尿病、腎臟病、肝病患者。","骨科,感染科",骨骼
骨科與肌肉,手指肌腱狹窄性腱鞘炎（扳機指）,"患指充血腫脹,患部無力,患部僵硬,患指伸屈困難,伸指有聲,掌指關節痠痛","腕隧道症候群,腱鞘囊腫,手部攣縮症,狹窄性肌腱滑膜炎","五十歲以上中老年族群，其中，女性發生率是男性的二到六倍。,長期從事特定職業，需頻繁用到手指做出握拳、伸屈、捏或抓硬物工作的人。如家庭主婦、手工作業員、電腦上班族、水電修理工、園藝師傅、琵琶演奏家等。,本身罹患退化性關節炎、掌腱膜攣縮症、赭色症或糖尿病等病患，併發扳機指的機率極高。,曾受過壓胎的幼兒，好發先天性手指肌腱狹窄性腱鞘炎好。","復健科,骨科",手指關節
骨科與肌肉,風濕熱,"關節紅腫熱痛,關節僵硬,環形紅斑,身體發熱","心肌炎,風濕性心臟病",A族溶血性鏈球菌的易感族群為5~15歲的孩童，因此風濕熱也好發於此年齡層。,風濕過敏免疫科,"肌肉,肌腱,韌帶,關節"
骨科與肌肉,鈣化性肌腱炎,"肩膀劇痛,肩膀無力,手臂無法抬起,上臂疼痛",五十肩,"四十～五十歲的中年族群，不分性別，但女性通常多過男性。,本身有代謝功能異常的人，如罹患慢性腎臟衰竭、自體免疫不全、膠原血管病、維他命D中毒、糖尿病、風濕、甲狀腺相關疾病及腫瘤等。,肩關節過度使用者，如長期打電腦的上班族、常做投球動作的運動員、搬重物的工人、抬手寫黑板的教師、勤做家事的家庭主婦等。","復健科,骨科","肌腱,關節"
骨科與肌肉,肩旋轉肌袖病變（五十肩）,"肩痛,頸痛,肩膀僵硬,無法舉手,肩膀無力,關節活動受限","廢用性萎縮,關節僵硬,軟組織纖維化,軟組織鈣化","好發於五十～六十歲以上的中高齡者，女性發病率略高於男性。,過去肩膀曾有過受傷病史的人，如受車禍撞擊、骨折或脫臼、各種運動傷害、體力勞動、或過度提重物造成的職業傷害等。,罹患特殊疾病，如肌腱炎、腦中風、關節炎、心肌梗塞、開胸、乳癌手術等，短時間內肩部無法自由活動的患者，容易併發五十肩症狀。此外，糖尿病患者的軟組織病變性高，有相當高的比率會併發五十肩。","復健科,骨科",肩關節
骨科與肌肉,肱骨外上髁炎,"肘外側痠痛,紅腫發熱,前臂痛,伸肘疼痛,手臂無力,手肘僵硬","肌腱斷裂,骨膜炎,神經炎,橈骨環狀韌帶病變,肱橈關節滑膜炎","工作或生活中會頻繁使用到前臂伸肌腱的人，如經常要提舉重物的搬運工、建築工，前臂需用力旋轉的運動員（擲標槍、手球、網球、攀岩），以及手部工作繁重的家庭主婦、電腦族等。,三十五歲以上成年人，特別是四十至五十歲之間。,本身因運動傷害或其他重大意外創傷，傷及前臂和手肘的人。","復健科,骨科","手臂,手肘"
骨科與肌肉,肱骨內上髁炎,"肘內側痠痛,紅腫發熱,壓痛,握力弱,屈腕無力","骨膜炎,神經炎,神經病變感覺喪失","工作或生活中，頻繁使用到前臂旋前肌群及屈肌腱的人，如高爾夫球員、棒球投手、保齡球選手、礦工、鉛管工、學生、收銀員忙碌數鈔、業務員成天抱拿公事包、美髮師手腕反覆前彎施力吹髮等動作，都很容易引發高爾夫球肘。,四十歲以上成年人，尤其盛行於四十五歲至五十四歲之間。,手腕及手肘內側有外傷或扭傷者。","復健科,骨科","手臂,手肘"
骨科與肌肉,顳顎關節障礙症,"張口疼痛,嘴開閉時有異聲,咀嚼疼痛,開口困難,張口中線偏斜,臉部肌肉痠痛,肩頸酸痛,下巴脫臼,頭痛,耳鳴,耳內疼痛,發音障礙",睡眠障礙,"咬合不良的患者。,個性容易焦慮緊張、易怒、求好心切者。,生活步調快、工作壓力大者。,20~40歲族群，通常女性多於男性。,睡覺會磨牙、白天經常咬緊牙關的人。,戴不合適假牙的人。,罹患結締組織過鬆症、全身性關節炎或先天韌帶鬆弛的人。,飲食習慣不良者，如喜歡嚼堅硬的食物、習慣用單邊咀嚼食物、咀嚼太久等。,顏面曾遭受撞擊導致嚴重外傷或骨折者。","牙科,骨科,身心精神科,復健科,外科",顳顎關節（下巴關節）
骨科與肌肉,成骨不全症,"骨質疏鬆,頻繁骨折,脊椎彎曲,聽力喪失,桶狀胸,三角形臉,呼吸急促,藍眼珠,O型腿,牙齒發育不良","皮膚及鞏膜較薄,牙齒發育不良,斑點狀出血,關節過鬆",null,骨科、遺傳科,全身
骨科與肌肉,病理性脊椎壓迫性骨折,"駝背（身高變矮）,劇烈腰痠背痛,下肢痠麻無力","行動不便,臥床","停經後女性,大於50歲女性",神經外科、骨科、過敏風濕免疫科、內分泌科,"胸椎和腰椎交接處，胸椎第10,11、12節或腰椎第1節最常見"
骨科與肌肉,骨折,"疼痛,腫脹,瘀血,麻木,關節輾軋音,畸形,喪失支撐能力等正常功能,出血","腔室症候群,感染,出血,截肢,肺栓塞,褥瘡,骨化性肌炎","老年人,慢性病患者,停經後女性,運動員",骨科,骨頭
骨科與肌肉,梨狀肌症候群,"屁股、髖部附近產生明顯痛點,疼痛、麻木延伸至大腿、小腿，甚至腳底,嚴重痙攣性或壓迫性疼痛,灼熱感,刺痛,麻木,小腿肌萎縮、肌力喪失,行走不穩,跛行",坐骨神經痛,"長時間需要維持特定姿勢久站或久坐的族群（例:學生、上班族、司機、百貨專櫃人員、不愛活動的老年人）,工作或活動中需要頻繁扭轉身體和承受重物的人（例:網球選手、足球選手、籃球員、投手、搬運工、建築工人）,運動量突然增加的運動員。",復健科、骨科,梨狀肌
骨科與肌肉,骨刺（骨質增生）,"肢體僵硬,步伐不穩,易跌倒,肢體麻痛,下背痛,坐骨神經痛,四肢無力,四肢麻痺,肌肉無力,肌肉萎縮","排便、排尿困難,肌肉萎縮","體重過重者,過度運動者,粗重勞力工作者,久坐久站且姿勢不良者,曾經受傷（骨折、開刀、椎間盤突出、韌帶受傷等）",骨科、復健科、神經科,頸椎、腰椎、脊柱、膝關節、髖關節、踝關節
骨科與肌肉,脊椎滑脫症,"腰痛,下背痛,嚴重到有神經症狀時，會有臀部及大腿後側酸麻脹痛,抽筋,麻痛感,跛行","坐骨神經痛,椎管狹窄症","50歲以上女性,姿勢不良者,肌力不足者,脊椎小關節面(facet joint)角度過大",骨科、神經外科,脊椎
眼科,黃斑部病變,"影像扭曲,視力模糊,辨色力異常","失明,黃斑部出血,視網膜下出血,黃斑部結疤","50歲以上的中老人族群。,體質遺傳。,近視患者。,吸煙者。,高血壓患者。,環境因素造成，如常接觸強光、紫外線者。",眼科,眼、視網膜
眼科,乾眼症,"視力模糊,異物感,敏感怕光,想流淚,眼睛易疲勞,眼睛睜不開,很想閉眼睛,覺得眼壓高,眼睛脹脹感,頭痛,眼睛紅","嚴重角膜炎,角膜潰瘍,角膜混濁","以後天退化性的淚液分泌居多。並不是年紀大才會有此情形，有的人因體質的關係，如乾燥症或過敏性體質，二十幾歲就會有乾眼症。,使用某些藥物，如：高血壓藥物、抗過敏的藥物、抗憂鬱劑等。,罹患慢性疾病，如：糖尿病、腎功能不全等。,身體免疫功能障礙，如類風濕性關節炎、紅斑性狼瘡、僵直性脊椎炎等患者。,淚腺外傷、甲狀腺機能亢進、休葛蘭氏症候群、顏面神經麻痺、近視雷射手術後短期等。",眼科,眼
眼科,白內障,"視力不穩定,視力模糊,複視,畏光,夜間炫光,物體明暗對比難分辨,色調改變,物體顏色變暗,近視度數逐年大增,伸手不見五指","青光眼,虹彩炎","55歲以上的中老年人居多。,眼睛外傷、長期曝露在紫外線或強光下。,代謝性疾病，常見如糖尿病所造成的併發症。,長期使用某些特別藥物，如類固醇。,高度近視（近視大於800度）患者。",眼科,眼
眼科,青光眼,"眼睛相關的症狀：眼睛痛、眼睛發紅、視力模糊和視覺範圍縮小等。,其他伴隨的症狀：同側頭痛、噁心和嘔吐等。",失明,"眼內壓：正常眼壓大多在10到22毫米汞柱間，眼壓越高，視神經受壓迫遭受損傷的可能性就越高。,年齡：當器官隨年紀老化，眼內房水流經出水孔排水管的阻力增加，眼壓增高的機會就越大；另一方面視網膜神經細胞也較脆弱，因而也容易產生青光眼的視神經病變。,種族差異：不同種族的人罹患青光眼的種類也不盡相同，就隅角開放性青光眼的發生率來說，一般是黑人>白人>黃種人，而隅角閉鎖性青光眼的發生卻是愛斯基摩人>華人>白人≧黑人。,青光眼家族史：直系親屬中有青光眼的病史，罹患青光眼的機會也較高。,眼睛構造的比例：前房深度小於2.7毫米、水晶體厚度大於4.5毫米、及眼軸較短的人，罹患隅角閉鎖性青光眼的機率較高。,屈光狀態：隅角開放性青光眼常發生在400度以上的近視族身上，反之隅角閉鎖性青光眼則出現在遠視族身上。",眼科,眼
眼科,飛蚊症,"視野中出現 閃光或閃爍,視力模糊或減弱,感覺到眼中有物體或黑點","眼球外傷：如果眼睛中的飛蚊症變得特別明顯，有時可能會干擾視力，導致慢性的眼睛疲勞、頭痛、焦慮等問題。,視網膜破洞或剝離：在某些情況下，飛蚊症可能是視網膜脫落的先兆，如果沒有得到及時治療，可能會導致視力喪失。,眼底疾病：飛蚊症也可能是眼底疾病的症狀之一，例如黃斑部病變等。","年齡較大的人：隨著年齡的增長，玻璃體會逐漸變得更加液體化和不穩定，更容易發生飛蚊症症狀。,近視者：近視者的眼睛比正常人的眼睛更長，玻璃體中的纖維和細胞容易出現變化，增加飛蚊症的機會。,糖尿病患者：糖尿病可能會導致眼部病變，增加發生飛蚊症的風險。,曾經接受過眼部手術的人：例如白內障手術、玻璃體手術等，可能會增加發生飛蚊症的機會。,長期曝曬於陽光下的人：長期曝曬於陽光下可能會導致眼部組織受損，增加發生飛蚊症的風險。,經常長時間看電子產品的人：經常長時間看電子產品可能會導致眼部疲勞，電子產品的強光也會增加看到飛蚊的機會。",眼科,眼、玻璃體
眼科,視網膜剝離,"突然出現一個或多個閃光的亮點，頻率逐漸增加。,突然出現一個或多個黑點、線條或影像在視野中移動，可能會影響視力，數量逐漸增加。,視野變化，可能出現視野部分缺損。,如果出現這些症狀，應立即尋求醫療幫助，因為視網膜剝離可能導致嚴重的視力損失。及早診斷和治療可以大大提高治療成功的機會，減少可能的視力損失。","如果視網膜剝離不及時治療，可能會導致以下併發症：,視力喪失：未治療的視網膜剝離可能導致永久性視力喪失。,眼球萎縮：長時間的視網膜剝離可能會導致眼球萎縮和變形。,其他眼疾：長期的視網膜剝離可能會導致其他眼疾的發生，如白內障、視神經病變等。,因此，如果懷疑自己可能有視網膜剝離，應該儘快就醫接受治療，以避免併發症的發生。","高度近視患者：高度近視的人眼球較長，視網膜較薄，容易產生裂縫或破洞，增加視網膜剝離的風險。,年齡較大的人：隨著年齡的增長，眼部組織會逐漸衰老變脆，增加視網膜剝離的風險。,曾經有過一眼發生視網膜剝離的人：如果一眼已經發生視網膜剝離，那麼另一眼的風險也會增加。,曾經接受眼部手術的人：如白內障手術等，可能會增加視網膜剝離的風險。,曾經受過眼部創傷的人：如撞擊、刺傷等眼部創傷，可能會增加視網膜剝離的風險。,糖尿病患者：糖尿病患者可能會出現視網膜病變，增加視網膜剝離的風險。",眼科,眼、視網膜
眼科,眼角膜潰瘍,"視力減退,眼睛紅腫,眼睛疼痛,畏光,異物感,流淚,眼睛分泌物增加,眼睛水腫,角膜周圍充血,結膜充血","虹膜炎,鞏膜炎,續發性青光眼,白內障,角膜穿孔破裂,化膿性眼內炎,全眼炎","• 配戴隱形眼鏡者,• 眼部疾病患者,• 使用類固醇類眼藥者,• 乾眼症患者",眼科,眼
眼科,急性結膜炎,"流眼淚,眼睛癢,紅眼,分泌物多,畏光,眼睛痛","耳前淋巴腺腫脹,角膜發炎,角膜糜爛,角膜混濁",引發急性結膜炎主要的罪魁禍首是濾過性病毒（如腸病毒、腺病毒、科沙奇病毒），也有少數是由非濾過性病毒所引起的（如披衣菌），在炎熱潮濕的夏季最常出現，不過涼爽的春秋兩季也是好發時節。一般流行的途徑以擁擠人多的公共場所直接或間接接觸性傳染最為常見。,眼科,眼
眼科,結膜下出血,"眼睛輕微刺痛,眼白血紅",null,"控制不良的高血壓或糖尿病患。,咳嗽厲害或閉氣用力(如便秘或搬重物)。,常用力揉眼睛者。,天氣較乾燥時好發。",眼科,眼結膜
眼科,麥粒腫（針眼）,"眼屎多,紅眼,眼皮紅腫按了會痛","眼眶蜂窩性組織炎,敗血症","太過疲勞或睡眠不足，以致於身體對細菌的抵抗力下降，也可能會增加麥粒腫發作的機會。,當眼睛過於疲勞時，眼睛肌肉收縮無法放鬆，造成麥氏腺的阻塞不通形成發炎，造成麥粒腫。,少數對某些食物如海鮮或巧克力等有過敏體質的人，吃了這些食物之後也可能導致麥氏腺發炎，因而出現麥粒腫。",眼科,眼
眼科,虹彩炎,"畏光,疼痛,紅腫,流淚,視力模糊",null,"20至40歲的青壯年男性,糖尿病,免疫力較脆弱，容易產生病毒感染者，如眼周曾感染過單純疱疹、帶狀疱疹的患者,自體免疫疾病患者，如紅斑性狼瘡患者、僵直性脊椎炎及貝西氏症等",眼科,眼
眼科,光害性角膜炎,"怕光,流淚,劇烈疼痛,異物摩擦感,灼熱感,眼瞼痙攣,張不開眼,視力減退,看燈光周圍有光暈或彩環",null,"需接觸紫外線的工作者，如電焊、使用或修理紫外線燈、紫外線消毒等工作者。,經常從事戶外活動者，如農漁夫、營造工人、瘋海釣者、玩衝浪者。,處在容易反射陽光中紫外線的環境者，如高山上雪地、沙漠、海面、在烈日下長途逆光行駛在高速公路上的人。",眼科,眼部
眼科,老花眼,"看近模糊不清,近距離閱讀眼睛易疲勞,頭痛,噁心想吐,眼壓高,眼睛脹痛","肩頸痠痛,頭痛","年齡四十歲以上的人。,3C產品重度使用者。,糖尿病患者。",眼科,眼部
眼科,瞼板腺功能障礙,"眼睛乾澀,異物感,眼睛刺痛,眼睛癢,視力模糊,分泌物增加",乾眼症,"年長者,缺乏性賀爾蒙者（尤其是雄激素）,免疫疾病（如修格蘭氏症候群、類風濕性關節炎、紅斑性狼瘡、異位性皮膚炎）,相關皮膚疾病（酒糟鼻、脂漏性皮膚炎、慢性眼瞼炎）,隱形眼鏡使用、紋眼線、砂眼、蟎蟲感染等",眼科,頭部
眼科,角膜炎,"眼睛紅,眼睛疼痛,流眼淚或過多眼睛分泌物,視力模糊,畏光,異物感,視力下降","角膜潰傷,角膜穿孔,失明","長期配戴隱形眼鏡的人,眼睛受過外傷的人,乾眼症的病人,有自體免疫疾病或是過敏的人,特定職業者",眼科,眼睛角膜
眼科,眼中風,"突然失明或視力急劇下降，通常只影響一隻眼睛，但少部分也會影響雙眼。,視野缺損，可能是局部或整個視野。,視力模糊或失焦，可能伴隨有線條扭曲黑暗。,少數眼中風也可能引起眼睛疼痛或眼球轉動異常。","眼內出血或視網膜剝離：眼中風患者可能會以眼內出血來表現，嚴重者也可能會造成視網膜剝離。,視力損失：眼中風通常只會影響一隻眼睛，但如果失去的視力嚴重，將對患者的生活產生嚴重影響。,視野缺損：眼中風可能會導致視野缺損，使患者在進行日常活動時感到不便。,眼壓異常：眼中風可能會導致眼壓異常，進而導致青光眼等疾病。,其他系統性心血管疾病：眼中風可能也是腦中風或心肌梗塞的前兆，需要進行心血管危險評估。","年長者：隨著年齡的增加，眼中風的風險也會增加。,高血壓患者：高血壓會增加心血管疾病和動脈硬化的風險，進而增加眼中風的風險。,糖尿病患者：高血糖會損傷血管，增加眼中風的風險。,高血脂患者：高膽固醇和高三酸甘油酯水平會增加動脈硬化的風險，進而增加眼中風的風險。,心臟病和中風患者：這些疾病也可能增加眼中風的風險。,吸煙者：煙草中的有害化學物質會損害血管，增加眼中風的風險。,過度肥胖：過度肥胖會增加動脈硬化的風險，進而增加眼中風的風險。,家族史：如果家族中有人患有眼中風，則個體可能會有更高的風險。",眼科,眼、視網膜
眼科,葡萄膜炎,"早期葡萄膜炎症狀通常會很迅速，常見的症狀包括：,眼睛發紅：前葡萄膜炎最為常見。,眼睛疼痛：各種葡萄膜炎都有機會出現。,視力模糊：各種葡萄膜炎都會出現。,飛蚊症：眼睛出現漂浮物，視野中的小黑點或波浪線，中段部葡萄膜炎常見。,對光敏感：各種葡萄膜炎都有機會出現。,如果您出現以上這些症狀，請立即去看眼科醫生。如果不治療，葡萄膜炎有可能會導致視力喪失。",失明：失明是葡萄膜炎最嚴重的併發症，葡萄膜炎必須是引起全萄膜炎才容易導致這種嚴重的情況。此時可能是由黃斑部水腫、青光眼、白內障和視網膜剝離等嚴重眼科疾病引發，嚴重威脅病人的視力。,null,"眼科,有滿多葡萄膜炎是由自己免疫疾病引起，有時也需要看風濕免疫科",眼、葡萄膜
眼科,鞏膜炎,"前鞏膜炎症狀：病人會感到有眼睛出現明顯的疼痛，並且眼睛的疼痛會放射到眼部周圍，有出現有畏光、流淚不止和按壓眼球感覺明顯疼痛等症狀。,後鞏膜炎症狀：症狀相對前鞏膜炎較不明顯，臨床觀察到的症狀有為程度不一的眼睛疼痛、視力減退、眼睛發紅和眼睛出現壓痛，眼瞼或結膜水腫，眼球輕度突出，嚴重時會影響到眼球運動受限與看物體出現重影的問題。",鞏膜炎可以引發視力受損和眼球損傷的併發症，常見的疾病有葡萄膜炎、角膜潰瘍、青光眼、白內障等；其中尤其以壞死性鞏膜炎最容易發生發生。,"自體免疫相關的疾病，尤其是類風濕性關節炎、結節型多發性動脈炎、紅斑性狼瘡、復發型多發性軟骨炎、韋格納氏肉芽腫等疾病。,結核病與梅毒病人,脈絡膜黑色素瘤和結膜腫瘤病人",眼科,眼、鞏膜
眼科,過敏性結膜炎,"一般過敏性結膜炎多有以下症狀：,眼睛相關的症狀：病人可能出現眼睛乾癢、覺得眼睛有燒灼感或異物感、一直流眼淚、眼睛的分泌物（眼屎顯著增加 比較偏水漾分泌物）。,結膜相關的症狀：病人可能眼睛或有明顯的紅腫、眼瞼下的結膜顯著水腫與充血，少數病人結膜上會出現明顯的乳突，是較為嚴重的症狀。,少數情況，還會造成角膜的傷害，此時病人可能會出現以下症狀，此時需要進一步就醫釐清：,視力模糊,眼睛畏光",角膜炎：免疫相關過敏性結膜炎中的異位性角膜結膜炎、春季型角結膜炎和乳突結膜炎是少數有可能從結膜影響到角膜的情況，嚴重時會影響視力。如果發現病人結膜明顯紅腫，周圍伴隨明顯的濕疹產生，或眼睛分泌出濃稠的分泌物時，應立即就醫。,"過敏體質：常伴隨異位性皮膚炎、氣喘、過敏性鼻炎等過敏相關疾病，尤其好發於15歲到50歲間，根據國外研究病人當中有95%發現異位性皮膚炎，有87%發現氣喘。,春季角結膜炎的好發族群較為特別：常見於 5-20 歲的年輕男性，發病高峰期是11-13 歲，男性病人是女性的兩倍，好發跟特定的地理區域有關，常見於溫暖和乾燥的地區，冬季相較不容易出現過敏反應，仍有可能在冬季復發。",眼科、風濕免疫科,眼睛、結膜、及少數影響角膜
眼科,夜盲症,"在明亮的環境中視力正常,在暗處或光線較暗的地方需要更長的時間來適應視環境,視力的下降可能會隨著時間的推移而惡化,視野逐漸縮小或中心視野缺損","容易摔跤：夜盲症會影響視力，尤其是在光線較暗的環境下更容易發生。如果視力下降嚴重，患者可能會容易摔跤並導致受傷。,危險行為：夜盲症可能會影響日常生活的活動，如夜間開車、騎摩托車、騎自行車等。如果患者沒有對視力問題進行適當的處理，這些活動可能會變得更加危險。,心理壓力：夜盲症可能會對患者的心理狀態產生負面影響，例如焦慮、憂鬱等。","有家族史的人：夜盲症可以是一種遺傳性疾病。如果有家族成員患有夜盲症，那麼其他家庭成員也可能面臨患病風險。,營養不良的人：由於維生素A是夜盲症的主要成因之一，因此營養不良的人群，尤其是缺乏維生素A的人，可能更容易患上夜盲症。,長期使用某些藥物的人：某些藥物的副作用可能會導致夜盲症。例如風濕疾病藥物、某些抗生素等。",眼科,眼睛、視網膜
眼科,小兒弱視,"小兒弱視通常不會有明顯的症狀，因此很容易被忽視。以下是一些可能表明孩子有小兒弱視的徵兆：,1. 偏向單眼：孩子在觀看物體時偏向使用一只眼睛，而不是兩眼共同使用。,2. 視力模糊：孩子可能對細節不敏感，無法清晰看到物體，或者在一只眼睛看到的東西比另一只眼睛模糊。,3. 容易撞到東西：孩子在走路、跑步或玩耍時常常會碰撞到物體。,4. 眼睛偏斜：孩子的一只眼睛可能會偏向一邊或上下。,5. 眼睛外觀異常：孩子的眼睛可能大小不同，或瞳孔呈現不正常的顏色等。,如果您注意到孩子有以上症狀，建議及時帶孩子到眼科醫生進行檢查，以確定是否患有小兒弱視或其他視力問題。及早發現、診斷和治療可以有助於防止小兒弱視對孩子的視力造成永久性的損傷。","如果小兒弱視沒有得到及時的診斷和治療，可能會導致一些併發症，包括：,雙眼視力下降：如果小兒弱視沒有得到及時治療，可能會導致雙眼視力下降，使孩子無法正常看到和理解他們周圍的世界，影響到孩子的學習和生活。,立體感異常：弱視也可能導致雙眼無法一起運用，影響正常的融像與立體感發育。,智力和行為問題：小兒弱視可能會影響孩子的學習和認知發展，並可能導致行為問題和學習困難。","1.具有家族史：如果有人在家族中患有小兒弱視，孩子患上小兒弱視的風險可能會增加。,2.早產兒：早產兒可能會面臨屈光不正、先天性白內障及其他眼睛結構異常的風險，而導致小兒弱視。,3.出生時缺氧：出生時缺氧可能會導致視覺發育不良，增加小兒弱視的風險。",眼科,眼
眼科,溢淚症,"眼睛濕潤,視力模糊,淚液溢出",null,"嬰幼兒和老年人群。,伴有過敏性疾病或家庭成員中有過敏患者。,工作或學習壓力過大，眼睛得不到休息。,伴有自身免疫性疾病，免疫系統攻擊各處自身組織器官。,由於先天性缺陷或創傷、手術導致眼部結構受損。,正在接受治療的惡性腫瘤患者。,體弱多病，經常發生呼吸道感染。,長期在室外工作，尤其在空氣汙染嚴重的區域，例如環衛工、警察。,在礦山、冶金、化工企業工作的一線職工。,不注意個人衛生，直接用手搓揉眼睛。",null,null
呼吸胸腔,氣喘,"咳嗽,呼吸聲音很大,呼吸急促,胸悶,呼吸困難,夜咳,喘鳴","肺氣腫,氣胸,呼吸衰竭,猝死,肺水腫,慢性阻塞性肺炎","家族有氣喘病史者或過敏者。,自童年即有呼吸道症狀者。,有過敏性鼻炎或異位性皮膚炎者。",呼吸胸腔科,"氣管,胸部"
呼吸胸腔,肺炎,"咳嗽,咳痰,發燒,畏寒,胸痛,呼吸急促,呼吸困難,咳血,頭疼,食慾減退,疲倦,腹瀉,噁心,嘔吐","膿胸,肺膿瘍,肋膜炎,心內膜炎,關節炎,腦膜炎,敗血症,敗血性休克,呼吸衰竭,腦膿瘍,心包炎,骨髓炎","接受器官或骨髓移植的患者。,免疫系統功能不佳者。,糖尿病、心臟病、肺病、癌症……等慢性病患者。,65歲以上的老人。,5歲以下的幼童。","呼吸胸腔科,胸腔科,呼吸治療科","氣管,胸部"
呼吸胸腔,肺癌,"咳嗽,咳血,厭食,呼吸困難,肋膜積水,聲音嘶啞,吞嚥困難,上腔靜脈症候群,手臂疼痛,手臂無力,頭痛,嘔吐,視覺障礙,骨頭疼痛,體重減輕",癌細胞轉移（肺門、縱隔腔的淋巴結、胸腔附近的組織，腦部、腎上腺、肝臟、骨骼及腎臟）,"吸菸者及吸入二手菸者。,家族病史有肺癌者。","血液腫瘤科,呼吸胸腔科,胸腔外科",肺
呼吸胸腔,支氣管炎,"乾咳,咳痰,胸悶,全身酸痛,發燒,呼吸有雜音,呼吸急促,咳嗽,喘息","肺炎,中耳炎,鼻竇炎,阻塞性肺氣腫,支氣管肺炎,支氣管擴張","小孩或老人常好發急性支氣管炎，大多數為病毒感染。,四十歲以上的男性好發慢性支氣管炎。,工作環境常佈滿灰塵者。",呼吸胸腔科,氣管
呼吸胸腔,龐貝氏症,"四肢活動力差,頭部控制力差,心臟肥大,肝臟腫大,舌頭肥大,呼吸困難,呼吸系統受損,逐漸肌肉無力,行動時感到疲憊,心臟受損,呼吸短促,睡眠中呼吸暫停症候群,嗜睡,早晨性頭痛",─,罹病關鍵來自父母的基因。若父母雙方都是帶因者，生下的子女有25%的機率罹患龐貝氏症。,"需要跨科醫療含(小兒與成人)：,遺傳科,神經科,心臟科,胸腔科,胃腸肝膽科,骨科,復健科,耳鼻喉科",肌肉，不同部位的肌肉功能會因為疾病而逐漸退化。
呼吸胸腔,肺栓塞,"肋膜性胸痛,呼吸困難,呼吸短促,水腫,發紺,心搏過快,咳嗽,咳血,發燒,昏厥,暈昡,頸靜脈怒張","右心衰竭,呼吸衰竭,中風,洗腎,截肢,氣切,缺氧,休克,猝死","60歲以上的老年族群。,長時間使用電腦、長期臥床或搭乘飛機、汽車或火車者進行長途旅行者。,高血脂、糖尿病、肥胖或血脂異常等動脈硬化高風險者。,患有惡性腫瘤者，因分泌的物質可能會刺激血液凝固。,患有靜脈曲張、心肌梗塞或心臟功能不全者。,孕產婦、服用口服避孕藥、長期使用女性荷爾蒙和菸癮者。,先天性凝血過當或缺乏某種抗凝血因子等血液疾病患者。,曾有血栓病史或下肢接受開刀手術者。","心臟血管科,呼吸胸腔科",肺臟
呼吸胸腔,氣胸,"突然且尖銳的胸痛,淺而快的呼吸,呼吸困難,兩側胸廓膨脹不對稱,咳嗽伴有或沒有咳血現象,心跳加快","持續漏氣,張力性氣胸,血胸,兩側氣胸","自發性氣胸：男女性的發生率約為6：1、身材瘦而高者及有家族病史、吸煙者較易發生,續發性氣胸：易發生在已有肺臟疾病者，包括氣喘、肺結核、肺氣腫、及肺膿瘍、及肺癌等",胸腔內科、胸腔外科,胸部
呼吸胸腔,肺結核（結核病）,"長期咳嗽,咳痰,咳血,胸痛,胸口緊悶,呼吸困難,呈粘液樣膿性痰,食慾不振,體重減輕,午後近傍晚發燒,疲倦乏力,夜間盜汗","肺外結核,結核性腦膜炎,支氣管內結核,結核性支氣管擴張症,結核性膿胸,支氣管狹窄,支氣管肋膜廔管,大量咳血,動脈瘤破裂,巨大結核瘤","35歲以前發生率男女相當，隨著年齡增長，男性罹病的比率漸增。,4歲以下嬰幼童因免疫力較差，為好發族群。,65歲以上老年族群，其中男女比例約為 3：1。,與結核病患者密切接觸者或其家庭成員。,免疫系統較弱者，如罹患癌症、糖尿病、慢性阻塞性肺病、塵肺症、慢性腎衰竭接受洗腎患者、長期使用免疫抑制劑者、HIV感染及愛滋病患、營養不良、酗酒者等。,缺乏醫療資源的偏鄉居民，較容易爆發傳染。","感染科,呼吸胸腔科",肺部
呼吸胸腔,肺纖維化,"易喘,乾咳,胸悶,呼吸不順,呼吸急促,疲勞,明顯消瘦,食欲不振,關節疼痛,杵狀指（手指或腳趾的尖端變寬和變圓）","感染,心臟病,自發性氣胸,心肺功能衰竭,肺動脈高壓,肺原性心臟病","年長族群（50-70歲）,自體免疫疾病患者,粉塵、化學物質環境的從業人員",呼吸胸腔科、胸腔內科、呼吸治療科,胸部
呼吸胸腔,睡眠呼吸中止症,"打呼,打鼾,嗜睡,精神不濟","高血壓,心律不整,心臟病,蛋白尿,心肌梗塞,心衰竭,猝死,糖尿病","40歲以上的肥胖男性。,更年期女性。,頸圍較粗或先天顱顏異常者。","耳鼻喉科,神經科,身心精神科,呼吸胸腔科",鼻
呼吸胸腔,肺腺癌,"咳嗽,咳血,厭食,呼吸困難,肋膜積水,聲音嘶啞,吞嚥困難,上腔靜脈症候群,疼痛及無力感","頭痛,嘔吐,意識不清,骨頭疼痛,眼睛或皮膚變黃,頸部出現腫塊","有吸菸習慣者,長期接觸二手菸,長期接觸廚房油煙,帶有特定基因突變、有家族病史,本身就肺部疾病,工作環境中有化學物質汙染者，如金屬業、冶礦業等","血液腫瘤科,呼吸胸腔科,胸腔外科",肺
呼吸胸腔,慢性阻塞性肺病,"胸悶,咳嗽,有痰,喘,倦怠,厭食,桶狀胸,呼吸困難","慢性呼吸衰竭,自發性氣胸,慢性肺源性心臟病","吸菸者,二手菸接觸者,長期暴露於空污環境者",胸腔內科,胸部
呼吸胸腔,肺氣腫,"慢性咳嗽,喘鳴聲,易喘,咳痰,咳血,呼吸困難,呼吸短促,胸悶,全身乏力,心悸,體重減輕,容易疲倦,水腫,發紺,頭痛,入睡困難,精神恍惚,食慾不振","呼吸衰竭,肺炎,肺高壓,肺積水,右心室肥大,右心室衰竭,肺心症,自發性氣胸,消化性潰瘍,營養不良,睡眠呼吸障礙,下肢水腫","長期吸菸者。因香菸中的有害物質會抑制纖毛運動、破壞肺泡，使痰液堆積導致感染。,從事須暴露於煤、棉絮、粉塵等環境之職業，如煤礦、建築工人等。,長期暴露於空氣污染的環境中，如二手菸、油煙或蚊香、工業廢氣、化學煙霧、油漆等揮發性溶劑。,呼吸系統疾病長期未癒，如感冒、肺炎、慢性支氣管炎、肺結核等，也易演變成肺氣腫。,患有抗胰蛋白酶缺乏遺傳性疾病者。抗胰蛋白酶是一種能維持肺部組織彈性的彈性纖維蛋白，如缺乏就容易患病。",呼吸胸腔科,肺
呼吸胸腔,肺泡蛋白沉積症,"漸進性運動性呼吸困難,乾咳,咳嗽,多痰,疲倦,體重減輕,輕微發燒,慢性缺氧，身體檢查經常為正常，聽診時約一半病人會出現囉音，且約1/4的病人可以觀察到發紺及杵狀指等手部外觀異樣。","肺間質發炎或纖維化,低血氧症,呼吸衰竭,肺部感染（諾卡氏菌、結核分枝桿菌、黴菌、放線菌、非結核分枝桿菌…等）","好發年齡為40-50歲,男性罹病機率高於女性，比例為2:1",胸腔內科,胸腔
呼吸胸腔,退伍軍人症,"發燒 ( 約攝氏39度至40度 ),全身不適,乾咳,發冷,呼吸困難,肌肉酸痛,頭痛,胸痛,腹痛,下痢,厭食,意識改變","呼吸衰竭,多重器官衰竭","一般人都有可能受到感染，但少見於二十歲以下的人,老年人(大於50歲),男性(罹病者男女比2.5:1),抽菸者,慢性心肺疾病、糖尿病及腎衰竭患者,惡性腫瘤患者,免疫力低下者(長期接受類固醇治療或器官移植者)",胸腔內科、感染科,胸腔
呼吸胸腔,肺水腫（肺積水）,"疲累無力,皮膚濕冷,心跳加快,嚴重呼吸困難,低血氧,咳嗽,心律不整,鼻翼外張,呼吸哮喘聲","肝臟充血或腫大,四肢腫大,肋膜積水","心臟疾病患者,腎臟病患者,糖尿病患者,從事高山登山運動者",心臟內科、胸腔內科,肺臟
呼吸胸腔,新冠肺炎,"發燒,乾咳,倦怠,呼吸急促,呼吸困難,肌肉痛,頭痛,喉嚨痛,流鼻水,腹瀉,胸痛,結膜炎,噁心,嘔吐,皮疹,嗅覺或味覺異常","肺炎,呼吸困難,多重器官衰竭,心臟問題,急性呼吸窘迫症候群,血栓,急性腎損傷,病毒和細菌感染,新冠後遺症,休克,死亡,兒童腦炎,兒童多系統發炎症候群","與COVID-19患者密切接觸。,被感染者的咳嗽或打噴嚏的飛沫噴濺。,年長者和已有健康問題的人在患病時更易發展成COVID-19重症。,COVID-19重症的風險因素包括年齡（50歲後每十年風險增加）、癌症、心血管疾病、慢性腎病、慢性肺病、糖尿病、免疫功能低下或接受免疫抑制藥物、肥胖（即體重指數≥30）和懷孕。值得注意的是，當一個人患有多種合併症時，COVID-19重症的可能性會增加。,儘管有關兒童COVID-19重症風險因素的數據有限，但兒童風險因素與成人風險因素之間存在大量重疊。1歲以下的兒童或患有肥胖症、中度至重度免疫抑制或複雜的慢性疾病和醫療複雜性，以及依賴呼吸器的兒童患重症的風險顯著增加。",感染科、胸腔科,全身
呼吸胸腔,肺高壓,"容易喘,咳嗽,咳出血絲,腿、腳和脖子處水腫,頭暈,暈倒","右心衰竭,猝死","好發性別與年齡：女性，20到50歲。,家族相關遺傳病史者。,結締組織疾病患者（如：紅斑性狼瘡、硬皮病、⋯⋯等）。,先天性心臟病患者。,肝硬化患者。,安非他命使用者。,HIV（人類免疫缺乏病毒）感染者。",有肺高壓治療團隊的醫院、心臟內科、胸腔內科,肺血管及心臟
呼吸胸腔,吸入性肺炎,"明顯呼吸急促,呼吸困難,發燒畏寒,咳嗽並伴隨黏稠膿痰,肋膜性胸痛胸痛,頭痛,疲倦嗜睡,食慾不振,神智不清",急性呼吸窘迫症候群,"年長者,吞嚥功能失調,上消化道疾病,意識不佳者,增加胃內容物嗆入到肺部的機會(胃食道逆流或大量管灌餵食),咳嗽反射減弱,劇烈嘔吐,口腔衛生不佳",胸腔內科,肺泡、細支氣管
呼吸胸腔,肋膜胸腔積水,"胸悶,咳嗽,發燒,呼吸急促,呼吸困難,胸部刺痛,全身水腫","肺萎縮,積液感染,呼吸衰竭","心臟衰竭患者,肺癌患者,肺部感染，如：肺炎、肺結核、膿胸患者,腎臟病患者",胸腔內科、胸腔外科,胸腔
呼吸胸腔,氣管狹窄,"聲音沙啞,呼吸困難,咳嗽,呼吸道分泌物排出困難,呼吸有異音","窒息,肺部合併症,呼吸道損傷","罹患肺結核、自體免疫疾病、結締組織疾病、類澱粉沉積症或慢性萎縮性軟骨周圍炎等慢性肺部炎症患者,甲狀腺癌、食道癌與其他癌症患者",胸腔內科、胸腔外科,氣管
呼吸胸腔,胸腺腫瘤,"咳嗽,胸痛,氣喘,疲倦,肌無力",肌無力,null,胸腔外科,胸腔
婦產,子宮外孕,"腹痛,腹部腫脹,經痛,月經失調,陰道出血,腹瀉,食慾不振,噁心,嘔吐,發燒,血壓降低,心跳變快","流產,輸卵管破裂,子宮出血,休克,死亡","曾有過結紮、輸卵管重建或做過腹部手術者。,有裝置子宮內避孕器者。,經常性骨盆腔器官發炎感染者。,曾有輸卵管疾病者。,先前曾子宮外孕的女性。",婦產科,"子宮,輸卵管,卵巢,腹腔"
婦產,更年期障礙,"心悸,盜汗,熱潮紅,焦躁,憂鬱,失眠,月經異常,皮膚萎縮,陰道表皮萎縮,性交疼痛,尿失禁,頻尿,結膜乾澀,毛髮脫落,畏寒,關節酸痛","退化性陰道炎,骨質疏鬆,動脈硬化",null,婦產科,全身
婦產,經前症候群,"憂鬱,易怒,焦慮,煩躁,混亂狀態,社交退縮,倦怠,嗜睡,厭食,注意力不集中,乳房脹痛,腹部鼓脹,頭痛,肢體水腫,背痛,肌肉酸痛,噁心,腸絞痛,腹瀉,盜汗,心悸,沙啞,喉嚨痛","更年期障礙,身心精神疾病,產後憂鬱",null,精神科、家庭醫學科、婦產科,身心
婦產,子宮內膜異位症,"經痛,性交疼痛,經前點狀出血,經血過多,腹瀉,不孕,流產","腹膜炎,卵巢癌,不孕症,腹腔內沾黏","20到40歲生育年齡女性,媽媽或姊妹有子宮內膜異位，則其得到的機率高。,不孕症患者",婦科,子宮、卵巢、骨盆腔
婦產,陰道分泌物（白帶）,"外陰搔癢,外陰紅腫疼痛,分泌物有異味,白色渣狀分泌物,濃液狀分泌物,小便灼熱剌痛感,性行為灼熱剌痛感","發燒,反覆泌尿道感染,性交疼痛,不孕","陰道炎患者,停經婦女,濫服抗生素者,與生殖器官帶有病原菌者發生性行為,習慣性灌洗陰道者,習慣穿著牛仔褲、緊身褲者,如廁後擦拭習慣不佳者",婦科、皮膚科,陰道
婦產,卵巢炎,"腹痛,腰痛,陰道分泌物增加,畏寒,發燒,陰道出血,腹瀉,頻尿,食慾不振,噁心,嘔吐,腹脹,月經失調","不孕,子宮外孕,廣泛性腹膜炎,敗血症,感染性休克,輸卵管炎","性工作者。,性伴侶較多或性生活頻繁的女性。,15~40歲的女性。,未生產過的女性。,施行流產手術或子宮手術的患者。,有裝子宮內避孕器的女性。",婦產科,卵巢
婦產,陰道炎,"陰道搔癢感,陰道刺痛感,陰道灼熱感,陰道分泌物增加,頻尿,性交疼痛,腹痛,排尿疼痛,陰道出血,分泌物惡臭,陰道紅腫","子宮頸炎,骨盆腔炎,早產,子宮內膜炎,膀胱炎,尿道炎","性工作者、多重性伴侶或性生活頻繁的女性。,長期服用抗生素、類固醇、口服避孕藥的人。,有抽煙習慣的女性。,血糖控制不佳的糖尿病病患。,後天免疫功能不全或免疫功能低下患者。,懷孕婦女。,使用子宮避孕器的婦女。,沐浴時用水或清潔劑不當灌洗陰道者。,習慣使用護墊或穿著不透氣緊身褲、牛仔褲或褲襪的女性。","婦產科,泌尿科",陰道
婦產,子宮內膜息肉,"陰道出血,不正常月經出血,性交後出血,經痛,陰道分泌物增加,下腹部墜痛感,分泌物惡臭,停經後出血,經血量過多,經期增長","流產,不孕,月經失調","30~60歲的婦女，又以40~50歲的女性發生率最高。,有子宮內膜息肉病史者。,罹患多囊性卵巢症候群的女性。,罹患子宮內膜炎的女性，因受到長期發炎的刺激，也較易形成息肉。,長期接受女性荷爾蒙補充療法者。,肥胖（BMI>30）女性。因脂肪細胞為性荷爾蒙的來源之一，而肥胖者脂肪組織較多，容易擾亂身體荷爾蒙的平衡。",婦產科,子宮
婦產,子宮肌瘤,"子宮異常出血,經血過多,貧血,疲勞,經痛,經期延長,月經量增加,月經有血塊,便秘,脹氣,頻尿,小便滯留,失禁,慢性骨盆腔疼痛,下肢水腫,靜脈曲張,腹痛,腰痠,輸卵管水腫","早期流產,重複性流產,不孕,子宮外孕,早產,羊膜早期破水,胎盤剝離,前置胎盤,胎兒胎位不正,阻擋孕婦產道","30~50歲的育齡婦女，又以40~50歲的發病率最高。,肥胖女性因的體內脂肪組織所產生的雌激素較多，容易使子宮肌瘤增生。,有子宮肌瘤家族病史者。,早發初經和晚停經的女性。因雌激素的暴露增加，會提高子宮肌瘤的發生率。",婦產科,子宮
婦產,乳癌,"乳房腫塊,乳腺疼痛,乳頭出血,乳頭凹陷,乳房外型改變,乳房皮膚呈橘皮組織,乳房紅腫,乳房潰爛,腋下淋巴腺腫大,不正常乳頭分泌物",癌細胞轉移（肺臟、肝臟、骨骼等）,"40~50歲的婦女。,家族有乳癌病史的女性。,胸部曾接受放射治療者。,未曾生育或30歲以上才生第一胎者。,初經較早（11歲以下）或停經較晚（55歲以後）者。,曾患良性乳房腫瘤者。,未曾哺乳者。,長期使用賀爾蒙補充劑者。","血液腫瘤科,一般外科,整形外科",乳房
婦產,子宮頸癌,"陰道出血,分泌物增多",癌細胞轉移（骨盆腔、腎臟、膀胱、直腸、肺臟、肝臟、骨骼、腦部等）,"40~50歲的婦女。,多重性伴侶者。,太年輕發生性經驗者。,性傳染病史者。,吸菸婦女，得子宮頸癌機率愈高。","血液腫瘤科,婦產科",子宮
婦產,卵巢癌,"便秘,腹瀉,腹部疼痛,腹部腫脹,噁心,脹氣,體重減輕,下肢水腫,外陰水腫,月經失調,陰道出血,頻尿,排尿困難,腰部疼痛","癌細胞轉移（子宮、輸卵管、結腸、小腸、肺臟、肝臟、骨頭等）,腹部積水","40歲至70歲的女性。,有卵巢癌或乳癌家族病史者。,不孕、無生育經驗的女性。","血液腫瘤科,婦產科",卵巢
婦產,妊娠糖尿病,"多吃,多喝,多尿,疲倦","糖尿病,流產,早產,難產,妊娠高血壓,羊水過多,酮酸中毒,水腫,急性腎盂炎,胎兒先天畸形,死胎,巨嬰症,新生兒呼吸窘迫症候群,新生兒低血糖症,新生兒黃疸症,新生兒紅血球過多症","體重增加太快的孕婦。,有糖尿病家族病史的孕婦。,肥胖的女性。,曾產下嬰兒體重超過4000公克的孕婦。,曾產下死胎或先天畸形嬰兒的孕婦。,34歲以上的高齡產婦。",婦產科,胰;胰島素
婦產,卵巢囊腫,"腹痛,腹部腫脹,經痛,月經失調,陰道分泌物增加,陰道出血,腹瀉,食慾不振,噁心,嘔吐,發燒","腹腔出血,休克,不孕,腹膜炎,月經失調,卵巢癌,不易排卵","20~50歲的女性。,有卵巢腫瘤家族病史的婦女。",婦產科,卵巢
婦產,卵巢囊腫破裂,"急性腹痛,噁心,嘔吐,胃痛,腹瀉,陰道出血,腹腔積血","出血性休克,死亡","值生育年齡的女性，又以14~30歲的年輕族群最為常見。,月經來潮前1~2周為黃體充血期，女性此時若有激烈性行為，或腹部受到強力擠壓，容易使卵巢囊腫發生破裂，導致內出血。",婦產科,卵巢
婦產,子宮腺肌症,"子宮腫大,經痛,經血量多,性交疼痛",不孕症,"30～50歲，接近更年期的婦女,未經歷懷孕過程之女性",婦產科,生殖
婦產,乳腺炎,"乳房硬塊,乳房局部紅腫／熱痛,結節,腋下淋巴腫大,發燒,畏寒,肌肉酸痛,肌肉無力","乳腺膿瘍,乳汁淤積,敗血症","泌乳、哺乳期女性,內衣過緊者,有乳腺炎病史者,哺乳姿勢不當者",一般外科、乳房外科,胸部
婦產,乳房纖維囊腫,"乳房在月經前會覺得有邊界不明腫塊,常合併疼痛，大部分月經過後疼痛減",null,null,乳房外科、婦產科、一般外科,胸部
婦產,骨盆腔炎,"下腹痛,發燒,頻尿,腰痠,陰道分泌物增加,心跳加速,噁心","腹膜炎,敗血性休克","性行為發生過早者,經期間發生性行為者,性行為過於頻繁者,多重性伴侶者,接受親入性治療或檢查者",婦產科,"子宮,輸卵管,卵巢"
婦產,陰道痙攣,"心慌,心悸,噁心,出汗,陰道痙攣,陰道疼痛,緊張,焦慮,恐懼",性交疼痛,"曾遭受過性傷害、性虐待等性暴力傷害的女性。,曾流產過的女性。,外陰部和陰道有創傷史的女性。,缺乏性知識或接受錯誤性教育的女性。,初次性行為有過疼痛、不愉快經驗的女性。","婦產科,身心精神科",心理
婦產,月經失調,"經痛,停經,經期不規律,月經過多,月經過少,無月經,經期過長,經期過短","多囊性卵巢症候群,經前症候群,早發性停經,早發性卵巢衰弱,子宮內膜癌","更年期後的婦女。,產後婦女。,肥胖婦女。",婦產科,子宮
婦產,子宮頸息肉,"陰道分泌物增加,分泌物帶血,陰道出血,分泌物惡臭,性行為後出血,排便異常出血,經期不正常出血,經血量過多,經期增長","子宮頸癌,子宮頸糜爛,不孕","30~50歲的婦女。,已婚女性。,自然生產或手術等導致子宮頸裂傷的婦女。,有子宮頸息肉病史者。,長期罹患子宮頸炎的女性。",婦產科,"子宮頸,陰道"
婦產,子宮內膜癌,"停經後出血,異常子宮出血,腹部疼痛,月經不規則,子宮積膿,貧血",癌細胞轉移（卵巢、直腸、膀胱、肺臟、肝臟、腦部等）,"不孕症或停經後的婦女。,初經較早或停經較晚的女性。,從未生育過或月經不規則的女性。,家族病史有子宮內膜癌、乳癌、大腸直腸癌及卵巢癌的女性，罹患子宮內膜癌的機率也會愈高。,糖尿病、高血壓患者。","血液腫瘤科,婦產科",子宮
婦產,卵巢過度刺激症候群,"腹脹,下腹痛,噁心,嘔吐,腹瀉,卵巢腫大,呼吸困難,易喘,寡尿,易口渴","腹水,肋膜積水,血液濃稠度增加,低血容性休克,凝血機能異常,腎功能受損,成人呼吸窘迫症候群,瀰漫性凝血反應,血栓,四肢水腫","35歲以下之瘦小婦女,多囊性卵巢症候群婦女,卵泡數大於15個以上者,血清雌激素過高者,懷孕者（多胞胎者更甚）",婦科、生殖醫學科,卵巢
婦產,子宮頸糜爛,"陰道分泌物增加,陰道出血,分泌物惡臭,陰部搔癢疼痛","子宮內膜炎,骨盆腔炎,子宮頸息肉,不孕","生育年齡的婦女。,懷孕或長期服用避孕藥的女性，因血中的動情激素濃度升高，造成子宮充血，而出現類似糜爛的現象。,自然生產或手術造成子宮頸損傷者。,多重性伴侶或性生活過度頻繁者。",婦產科,"子宮頸,陰道"
婦產,多囊性卵巢症候群,"月經紊亂,月經稀少,閉經,無排卵性月經,子宮不正常出血,肥胖,體毛過多,長鬍子,青春痘,皮脂旺盛,雄性禿,掉髮,代謝異常,卵巢濾泡數過多","子宮內膜增生,子宮內膜癌,高血壓,心肌梗塞,高血脂,糖尿病,妊娠期糖尿病,羊水過多,憂鬱症,焦慮症,不孕症,流產,黑色棘皮病","肥胖（BMI值>=27）女性。脂肪細胞會分泌一種雌激素，使大腦受到混淆。越肥胖干擾卵巢荷爾蒙分泌的程度也越高。,值生育年齡的婦女。,年輕女孩若有陰毛早熟、性早熟疾病史者，較易罹患此病。,因家族遺傳或基因突變，導致身體對胰島素產生阻抗的女性。,飲食方面，習慣攝取高熱量食物的女性。,母親若罹患多囊性卵巢症候群，女兒也較易有多囊性卵巢的型態。,長期暴露在內分泌干擾物質的環境中。如塑化劑或其它環境荷爾蒙。","婦產科,代謝內分泌科",卵巢
婦產,輸卵管積水,"輸卵管水腫,陰道分泌物增多,腹痛,不孕","早期流產,子宮外孕","患有子宮內膜異位症、骨盆腔發炎、子宮內膜異位瘤（巧克力囊腫）、子宮肌瘤及曾子宮外孕的女性。,性行為過早的未成年女性。因其生殖器官尚未發育成熟，較易感染披衣菌導致骨盆腔發炎，導致輸卵管阻塞、引起水腫。,多重性伴侶或性生活活躍者，較易感染披衣菌性病，導致輸卵管黏膜被破壞、引起水腫。,接受剖腹產或人工流產手術等可能造成子宮感染的女性。,裝置避孕器的女性。細菌可能沿著避孕器進入體內，造成子宮和輸卵管感染，引起發炎。",婦產科,輸卵管
婦產,早發性卵巢衰竭,"月經減少,月經週期異常,閉經,臉潮紅,夜間盜汗,疲倦,心悸,情緒低落,皮膚乾燥,失眠,陰道乾澀,性交疼痛,停經","骨質疏鬆症,骨折,缺血性心臟病,腦血管病變,脂質代謝紊亂,不孕症","有卵巢早衰家族史者。,曾接受卵巢切除手術、化學治療或放射線治療等，導致卵巢功能受損害者。,家族成員或本身有自體免疫疾病者。,月經週期異常（通常是變短），或患有子宮內膜異位症者。,女性吸煙，會影響卵巢功能，導致提早停經。",婦產科、一般外科、乳房外科,卵巢
婦產,子宮惡性肉瘤,"異常出血,停經後出血,陰道分泌物,陰道腫塊,腹部疼痛,腹部飽脹感","癌細胞轉移,肺部遠端轉移","子宮內膜基質惡性肉瘤45～50 歲女性,平滑肌惡性肉瘤43～53 歲女性,癌惡性肉瘤(惡性苗勒氏混合腫瘤) 60～70歲女性",婦產科,生殖
婦產,乳管擴張,"乳房（乳暈）疼痛,乳頭濃稠分泌物,乳頭凹陷,乳房腫塊","乳房膿瘍,乳房廔管","45-55歲更年期之女性,有吸菸習慣之婦女",乳房外科、一般外科,胸部
肝膽腸胃,大腸直腸癌（大腸癌）,"血便,排便習慣改變,腹痛,體重減輕,貧血,腹瀉,便祕,黏液便,容易疲倦","腸阻塞,腸穿孔,癌細胞轉移","50歲以上者 (台灣大腸直腸癌最好發的年齡是65-75歲),家族大腸直腸癌病史者,愛吃肉者,有腸道發炎病史者,克隆氏症患者",血液腫瘤科、肝膽胃腸科、大腸直腸外科,大腸、直腸
肝膽腸胃,痔瘡,"肛門搔癢,肛門疼痛,解便出現鮮血,肛門燒灼感,便意感,脫肛（痔瘡脫出）",貧血,"經常久站的行業，如超商店員、老師、理髮師等。,長期生活習慣不佳者，如嗜吃辛辣食物、過度飲酒、經常熬夜等。,肥胖、缺乏運動者。,長期便秘者。,懷孕婦女。,甲狀腺疾病患者，可能因腸胃蠕動不佳容易便祕。",大腸直腸外科,肛門管黏膜下層
肝膽腸胃,B型肝炎（B肝）,"黃疸,胃腸不適,食慾不振,倦怠,全身無力,噁心,嘔吐,腹部疼痛,腹部腫脹,腹水,發燒,紅疹","慢性肝炎,肝硬化,猛爆性肝炎,肝癌","母親是B型肝炎帶原者的新生兒。,長期酗酒者。",胃腸肝膽科,肝
肝膽腸胃,C型肝炎（C肝）,"黃疸,胃腸不適,食慾不振,腹部疼痛,腹部腫脹,腹水,發燒,紅疹","慢性肝炎,肝硬化,猛爆性肝炎,肝癌","長期酗酒者。,注射藥癮者。,洗腎患者。,血友病患者，需多次輸血者。",胃腸肝膽科,肝
肝膽腸胃,胃潰瘍,"上腹部不適,上腹部疼痛或悶痛,吐血,吐黑色物質,解黑便,頭暈,休克,嚴重腹痛,發燒,嘔吐,腹脹,吃少量食物就飽脹,便秘,胃食道逆流","消化道出血,胃下垂,胃穿孔,胃癌","家族病史：胃潰瘍病史。,飲食習慣：三餐不定時、暴飲暴食。,食物選擇：常食用高油脂、刺激性食物，空腹食用高油脂或刺激性食物。,飲酒過量：長期飲酒、吸菸、吃檳榔。,藥物使用：長期服用消炎止痛、阿斯匹林、類固醇等。,精神壓力：過度憂慮、焦慮緊張等。,幽門螺旋桿菌：幽門螺旋桿菌會破壞胃粘膜表皮細胞，易導致胃發炎、胃潰瘍、十二指腸潰瘍、胃癌。",胃腸肝膽科、家醫科,胃、食道、十二指腸
肝膽腸胃,胃癌,"上腹部不適,胃痛,泛酸,噯氣,食慾減退,噁心,胃脘部灼熱,腹瀉,黑便,體重減輕","癌細胞轉移（肺臟、肝臟、腦部、骨骼、胰臟、大網膜、橫結腸、肝臟、橫膈、脾臟、食道、十二指腸）,惡性腹水,腸道阻塞","中年以後男性，50歲男性為好發族群，男女比例約為1.7：1。,家族病史有胃癌者。","血液腫瘤科,胃腸肝膽科",胃
肝膽腸胃,A型肝炎（A肝）,"發燒,出汗,畏寒,肌肉酸痛,食慾不振,噁心,嘔吐,茶色尿,腹部腫脹","急性肝炎,黃疸,猛爆性肝炎",null,胃腸肝膽科,肝
肝膽腸胃,胃食道逆流,"溢酸,打嗝,噁心,胸痛,胸部灼熱感,心口灼熱感,胸悶,嘔酸水,咳嗽,腹脹,咽喉痛,聲音沙啞,喉部異物感,呼吸困難,氣喘,口臭,耳痛","食道糜爛,食道潰瘍,食道炎,咽喉炎,氣管炎,巴雷特氏食道,瀰漫性食道痙攣,食道癌,消化性潰瘍","45~60歲的人。,肥胖者。,消化性潰瘍患者。,懷孕的婦女。,長期酗酒者。,精神、工作壓力大者。",胃腸肝膽科,"胃,食道"
肝膽腸胃,龐貝氏症,"四肢活動力差,頭部控制力差,心臟肥大,肝臟腫大,舌頭肥大,呼吸困難,呼吸系統受損,逐漸肌肉無力,行動時感到疲憊,心臟受損,呼吸短促,睡眠中呼吸暫停症候群,嗜睡,早晨性頭痛",─,罹病關鍵來自父母的基因。若父母雙方都是帶因者，生下的子女有25%的機率罹患龐貝氏症。,"需要跨科醫療含(小兒與成人)：,遺傳科,神經科,心臟科,胸腔科,胃腸肝膽科,骨科,復健科,耳鼻喉科",肌肉，不同部位的肌肉功能會因為疾病而逐漸退化。
肝膽腸胃,猛爆性肝炎,"黃疸,噁心,嘔吐,食慾不振,倦怠,茶色尿,吐血,血便,肝性腦病變","肝性腦病變,腦水腫,腎衰竭,呼吸衰竭","A型肝炎、B型肝炎、E型肝炎、藥物性肝炎等。,長期酗酒者。",胃腸肝膽科,肝
肝膽腸胃,膽結石,"腹痛,消化不良,腹脹,胃痛,反胃","膽囊炎,敗血症,胰臟炎,黃疸,膽管炎","家族病史有膽結石者。,膽固醇過高的人。,懷孕次數較多的婦女。,體重過重者。,40至60歲的女性。",胃腸肝膽科,膽
肝膽腸胃,脂肪肝,"上腹部疼痛或不適,疲勞,食欲不振,腹脹,肝臟腫大","黃疸,腹水,慢性肝炎,肝纖維化,肝硬化,肝癌,糖尿病,高血壓,冠心病,痛風,膽結石","長期酗酒者。,體重過重者。,不當減肥者。,50歲以上者。,BMI值超過25者。,糖尿病患者。,高血脂症。,極度營養不良。",胃腸肝膽科,肝
肝膽腸胃,慢性肝炎,"胃腸不適,食慾不振,倦怠,全身無力,噁心,嘔吐,發燒,便秘,腹瀉,腹部疼痛,腹部腫脹","肝硬化,肝癌","長期酗酒者。,各種原因之肝炎。",胃腸肝膽科,肝
肝膽腸胃,便秘,"糞便乾硬,排便不淨,排便困難,排便量少,排便次數少,腹痛","嘔吐,脫水,腸阻塞,大腸癌","精神、工作壓力大者。,懷孕或產後的婦女。,大腸激躁症患者。,50歲以上的中老年人。",胃腸肝膽科,"大腸,直腸,肛門"
肝膽腸胃,酒精性肝炎,"噁心,嘔吐,厭食,腹痛,體重減輕,黃疸,發燒,肝脾腫大,腹水,肝昏迷,腎功能衰竭","C型肝炎,膽結石,肝癌,肝硬化,肝腦病變","好發年齡介於40歲至60歲,過度飲酒者",肝膽胃腸科,肝臟
肝膽腸胃,肝硬化,"食慾減退,消化不良,噁心,嘔吐,疲倦,體重減輕,腹瀉,腹脹,上腹部疼痛,黃疸,黑便,下肢浮腫,男性女乳症,睪丸萎縮,肝脾腫大,鼻血,牙齦出血","食道靜脈曲張,腹水,腹膜炎,肝癌,肝性腦病變（肝昏迷）,門靜脈高血壓","B型肝炎或C型肝炎患者。,長期酗酒者。",胃腸肝膽科,肝
肝膽腸胃,十二指腸潰瘍,"腹痛,腹部灼熱感,胸悶,胃痛,餓痛,胃脹,胃悶,胃酸過多,易餓,睡眠品質差,頭昏,腦脹,頸部酸緊,全身酸痛,火氣大,溢酸,打嗝,噁心,嘔吐,消化不良,食欲不振,腹瀉,便秘,吐血,黑便,血便","十二指腸出血,胃穿孔,胃出口阻塞,腹膜炎","20歲到30歲的年輕人。,三餐不定時定量者。,長期酗酒者。,精神、工作壓力大者。",胃腸肝膽科,十二指腸
肝膽腸胃,腸躁症（大腸激躁症）,"腹脹,腹痛,腹瀉,便秘,噁心,反胃,胃痛,胃脹,胃悶,消化不良,食欲不振,疲倦,水便,排便次數增加,不易解便,排便不淨,排便費力,排氣","非心因性胸痛,心口灼熱,吞嚥困難","精神、工作壓力大的人。,30至50歲的女性。,容易憂鬱、焦慮的人。,愛鑽牛角尖、追求完美人格特質的人。","胃腸肝膽科,身心精神科",大腸
肝膽腸胃,大腸息肉,"血便,排便不淨,腹痛,便秘,噁心,嘔吐,腹瀉","大腸癌,腸阻塞","40歲以上的中老年人。,有「家族性大腸息肉」病史的人。",胃腸肝膽科,大腸
肝膽腸胃,急性胃炎,"腹痛,腹部灼熱感,胸悶,胃痛,胃酸過多,胃脹,胃悶,易有飢餓感,溢酸,打嗝,噁心,嘔吐,消化不良,食欲不振,腹瀉,便秘,吐血,黑便,血便","消化道出血,慢性胃炎,胃食道逆流,胃下垂,胃癌,胃穿孔,腹膜炎","60歲以上的老人。,三餐不定時定量者。,精神、工作壓力大者。,長期酗酒者。",胃腸肝膽科,胃
肝膽腸胃,慢性胃炎,"腹痛,腹部灼熱感,胸悶,胃痛,胃酸過多,胃脹,胃悶,易有飢餓感,溢酸,打嗝,噁心,嘔吐,消化不良,食欲不振,腹瀉,便秘,吐血,黑便,血便","消化道出血,胃食道逆流,胃下垂,胃穿孔,胃潰瘍,十二指腸潰瘍,胃癌","急性胃炎患者。,三餐不定時定量者。,精神、工作壓力大者。,長期酗酒者。",胃腸肝膽科,胃
肝膽腸胃,胰臟癌,"右上腹脹痛,背痛,食慾不振,噁心,嘔吐,腹瀉,便秘,疲倦,黃疸,體重減輕,皮膚搔癢,灰白色糞便,茶色尿液","癌細胞轉移（肝門區、十二指腸、小腸、大腸、胃、橫結腸、腹膜腔、脾臟、膽管、肝臟、肺臟、淋巴結）,慢性胰臟炎,糖尿病","60歲以上男性。,家族病史有胰腺癌者。,吸菸者。,肥胖者。,糖尿病患者。,長年接觸化學藥品者。","血液腫瘤科,胃腸肝膽科",胰
肝膽腸胃,克隆氏症,"腹痛,腹瀉,厭食,貧血,血便,腸阻塞,腸穿孔,發燒","腸道窄化,體重減輕,營養不良,腸道瘻管,肛門瘻管,腸狹窄,貧血,骨質疏鬆,結節狀紅斑（皮膚）,鵝口瘡,虹膜炎,關節炎,原發硬化性膽道炎,腹內膿瘍,腎結石","克隆氏症的好發年齡為15-35歲，20歲為最高峰,男性患病率高於女性",肝膽胃腸科、大腸直腸外科,胃腸肝膽
肝膽腸胃,膽囊炎,"腹痛,發燒,腹部硬塊,食慾不振,噁心,嘔吐,脹氣,灰色便,茶色尿,皮膚搔癢,心灼熱,消化不良,體重減輕,背痛","黃疸,細菌感染,休克,敗血症","家族中有膽道疾病的人。,體重過重者。,生活型態較安靜的人。,35至55歲的女性。","胃腸肝膽科,一般外科",膽
肝膽腸胃,腸阻塞,"腹脹,腹痛,便祕,排氣停止,嘔吐,血壓不穩","腹膜炎,敗血症,腸道壞死,腸道破裂","大腸癌患者,曾接受腹腔手術者,先天性腸道疾病患者,長期臥床之長者",肝膽胃腸科、一般外科,胃腸肝膽
肝膽腸胃,發炎性腸道疾病,"腹痛,腹瀉(排便頻繁且為水狀或顆粒狀),血便 ◇黏性血便(有濃和黏液),發燒,體重減輕,食慾不振,嘔吐,血中白蛋白偏低,貧血,消化系統之外的疾病症狀(如：皮膚對光過敏反應、結節狀紅斑、眼睛葡萄球炎、關節炎、原發硬化性膽道炎 等)","惡性癌變,腸胃道出血,穿孔,廔管,脫水,解質不平衡,營養缺乏,貧血,腸阻塞,休克,腸道或肛門局部膿瘍,腹膜炎","好發於20到40歲成人以及60歲以上兩大族群,兒童也可能發生，年齡愈低，治療難度愈高,在歐美較為常見，東方國家發生率較低，近年台灣患者的發生率與盛行率皆逐年增加，以每年4％至5％的比率上升，而潰瘍性大腸炎又較克隆氏症常見,亞洲區病人以男性居多",胃腸肝膽科、大腸直腸科、直肛科,腸道
肝膽腸胃,潰瘍性大腸炎,"腹絞痛,反覆腹瀉,血便,黏液血(鼻涕般的黏液和血絲),發燒,體重減輕,食慾不振,嘔吐,血中白蛋白偏低,貧血,皮膚對光過敏反應,結節狀紅斑,眼睛葡萄球炎,關節炎,原發硬化性膽道炎","惡性癌變,腸胃道出血,脫水,電解質不平衡,營養缺乏,貧血,休克","好發於20到40歲成人以及60歲以上兩大族群,兒童也可能發生，年齡愈低，治療難度愈高,在歐美較為常見，東方國家發生率較低，近年台灣患者的發生率與盛行率皆逐年增加，以每年4％至5％的比率上升，而潰瘍性大腸炎又較克隆氏症常見,亞洲病人以男性居多",胃腸肝膽科、大腸直腸科、直肛科,腸道
肝膽腸胃,上消化道出血,"頭暈,四肢冰冷,胃痛,嘔血,黑便,噁心,嘔吐,血壓偏低,盜汗,口渴,皮膚蒼白,心悸","低血壓,貧血,休克,死亡","消化性潰瘍病患。,長期酗酒者。",胃腸肝膽科,"食道,胃,十二指腸"
肝膽腸胃,急性腸胃炎,"腹脹,腹痛,腹瀉噁心,嘔吐,胃痛胃脹,胃悶,溢酸,打嗝,消化不良,食欲不振,頭痛,疲倦,肌肉酸痛,發燒","脫水,血便,營養不良,腸胃道出血,腸穿孔,腸破裂,腹膜炎","嬰幼兒或孩童。,個人衛生習慣不良者。,抵抗力較差的人。",胃腸肝膽科,"胃,小腸"
肝膽腸胃,消化道出血,"頭暈,四肢冰冷,胃痛,嘔血,黑便,噁心,嘔吐,血壓偏低,盜汗,口渴,皮膚蒼白,心悸,呼吸困難,心口灼熱,尿量減少","低血壓,貧血,休克,肝病,尿毒症,維生素C缺乏症,死亡","50歲以上的中老年人。,胃潰瘍、十二指腸潰瘍、痔瘡等腸胃疾病的患者。,長期酗酒者。",胃腸肝膽科,"食道,胃,十二指腸,盲腸,大腸,小腸,乙狀結腸,直腸,肛門"
外因傷害與中毒,狂犬病,"前驅期：非特異性的全身不適症狀，如發熱、發冷、頭痛、喉嚨痛；咬傷部位痛、癢或麻木、刺痛等異樣感。,興奮期：活動過度、精神出現異常亢奮或恐懼現象、喜吃異物或亂咬人，通常持續半天至兩天。,中後期：精神緊張、麻痺、全身痙攣、幻覺、譫妄、吞嚥困難、咽喉部痙攣、恐水現象(因喝水或看到水引起之喉部痙攣)。,後期：中期症狀併有精神錯亂、抽搐、呼吸衰竭而窒息身亡。","精神錯亂,抽搐,呼吸衰竭",null,家醫科、感染科,腦部
外因傷害與中毒,脾破裂,"出血,腹痛,腹脹,口渴,心悸,呼吸急促,皮膚蒼白,四肢冰冷,血壓下降","出血性休克,腹膜炎,血胸",脾臟腫大的人。,一般外科,脾
外因傷害與中毒,破傷風,"倦怠,頭痛,出汗,激動,咀嚼無力,牙關緊閉,顏面僵硬,頸肌異常,腹部僵硬,肌肉收縮,肌肉痙攣,抽搐,角弓反張,痙笑,心悸,呼吸急促,全身性僵直,癲癇","窒息,肺炎,動脈血氧酸中毒,心律不整,休克,心搏驟停,骨折","帶有開放性傷口而受污染的人，如被生鏽鐵器刺傷、割傷、大範圍的燒燙傷、動物抓咬與接觸動物排泄物等。,在外科手術或墮胎手術中受感染的人。,生產過程中受感染的新生兒或母親，臍帶消毒不全、醫療環境不佳，易導致破傷風找上身。,有注射麻藥毒品習慣的人，也很容易感染破傷風。","感染科,家醫科","皮膚,肌肉,神經系統"
遺傳與發育相關疾病,血友病,"出血不止,瘀青","關節炎,肢體障礙,關節變形,骨質疏鬆,肌肉萎縮,殘障","男性。,家族病史有血友病者。","血液腫瘤科,小兒科",血液
遺傳與發育相關疾病,地中海貧血,"貧血,虛弱,腹部突出,發育遲緩,肝脾腫大,黃疸,骨骼變形,蒼白,頭暈,疲倦,胎兒水腫,運動耐受力降低","膽結石,脾臟腫大,B型肝炎,C型 肝炎,D型肝炎,愛滋病,心臟衰竭,心律不整,糖尿病,甲狀腺機能低下,骨骼變形,內分泌失調,肝硬化","居住於地中海沿岸、中東、印度、中國大陸長江以南、東南亞和台灣等地區的居民。,美國好發於黑人族群，台灣則以客家族群的盛行率較高。,男女雙方為同型地中海貧血帶因者，胎兒有四分之一會成為重度患者。","血液腫瘤科,小兒科,家醫科",血液
遺傳與發育相關疾病,龐貝氏症,"四肢活動力差,頭部控制力差,心臟肥大,肝臟腫大,舌頭肥大,呼吸困難,呼吸系統受損,逐漸肌肉無力,行動時感到疲憊,心臟受損,呼吸短促,睡眠中呼吸暫停症候群,嗜睡,早晨性頭痛",─,罹病關鍵來自父母的基因。若父母雙方都是帶因者，生下的子女有25%的機率罹患龐貝氏症。,"需要跨科醫療含(小兒與成人)：,遺傳科,神經科,心臟科,胸腔科,胃腸肝膽科,骨科,復健科,耳鼻喉科",肌肉，不同部位的肌肉功能會因為疾病而逐漸退化。
遺傳與發育相關疾病,血栓性血小板低下紫斑症,"發燒,溶血,紫斑,黃疸,意識混亂,昏迷,癲癇,血紅素尿","腎功能傷害,心肌傷害,心律不整,胰臟炎",null,血液腫瘤科,全身
遺傳與發育相關疾病,蠶豆症,"無明顯症狀,不慎接觸到氧化性物質時可能出現以下症狀：疲累、黃疸、茶色尿（可樂尿）、食慾降低、臉色蒼黃、昏迷、心跳加速。","呼吸窘迫,心臟衰竭",null,小兒科、基因醫學部、新陳代謝科,全身
遺傳與發育相關疾病,馬凡氏症候群,"骨骼系統：蜘蛛只、關節鬆弛、胸廓異常、脊柱側彎或前彎、扁平足、髖關節突出等,心臟系統：主動脈瘤、二尖瓣／三尖瓣脫落等,眼睛：水晶體脫位、高度近視等,其他：皮膚鬆弛、腰椎部位的硬腦膜膨大等","動脈瘤,主動脈剝離,猝死,鬱血性心臟衰竭,肺高壓,視網膜剝離,青光眼,早發性白內障",雙親有馬凡氏症病史者，但也有25%的病人是自發性突變導致,馬凡氏症整合門診、心臟內／外科、眼科、骨科、復健科,全身
遺傳與發育相關疾病,巨結腸症,"胎便未解,便秘,腹脹,嘔吐,腸炎,腹瀉,發燒,脫水,進食不順","敗血症,大腸穿孔,腹膜炎,休克,結腸炎,腸破裂","好發率男女比為4：1,遺傳性疾病患者，如：唐氏症、瓦登博格症候群、先天性中樞神經換氣不足症候群,兄弟姐妹中有先天性巨結腸症患者",兒科、兒童外科,腸道
遺傳與發育相關疾病,成骨不全症,"骨質疏鬆,頻繁骨折,脊椎彎曲,聽力喪失,桶狀胸,三角形臉,呼吸急促,藍眼珠,O型腿,牙齒發育不良","皮膚及鞏膜較薄,牙齒發育不良,斑點狀出血,關節過鬆",null,骨科、遺傳科,全身
